date,gdpc1,gdp,gdpdef,fedtax,fedspend,cpi
1947-01-01,2182.681,243.164,11.141,36.86,40.902,21.7
1947-04-01,2176.892,245.968,11.299,36.316,40.346,22.01
1947-07-01,2172.432,249.585,11.489,36.264,42.007,22.49
1947-10-01,2206.452,259.745,11.772,38.744,38.149,23.1267
1948-01-01,2239.682,265.742,11.865,38.952,38.915,23.6167
1948-04-01,2276.69,272.567,11.972,37.684,39.904,23.9933
1948-07-01,2289.77,279.196,12.193,36.74,42.739,24.3967
1948-10-01,2292.364,280.366,12.23,36.528,44.051,24.1733
1949-01-01,2260.807,275.034,12.165,34.424,45.908,23.9433
1949-04-01,2253.128,271.351,12.043,32.52,47.016,23.9167
1949-07-01,2276.424,272.889,11.988,32.324,46.824,23.7167
1949-10-01,2257.352,270.627,11.989,31.336,45.583,23.66
1950-01-01,2346.104,280.828,11.97,35.864,52.902,23.5867
1950-04-01,2417.682,290.383,12.011,40.024,46.098,23.7667
1950-07-01,2511.127,308.153,12.272,46.116,42.215,24.2033
1950-10-01,2559.214,319.945,12.502,50.492,46.464,24.6933
1951-01-01,2593.967,336.0,12.953,57.628,51.8,25.6967
1951-04-01,2638.898,344.09,13.039,54.644,56.56,25.9467
1951-07-01,2693.259,351.385,13.047,54.028,61.393,25.9333
1951-10-01,2699.156,356.178,13.196,57.644,63.905,26.3167
1952-01-01,2727.954,359.82,13.19,57.484,63.546,26.4167
1952-04-01,2733.8,361.03,13.206,57.676,67.23,26.4867
1952-07-01,2753.517,367.701,13.354,58.076,70.056,26.6667
1952-10-01,2843.941,380.812,13.39,61.04,70.885,26.6967
1953-01-01,2896.811,387.98,13.393,62.704,71.596,26.62
1953-04-01,2919.206,391.749,13.42,62.96,73.781,26.72
1953-07-01,2902.785,391.171,13.476,62.0,72.127,26.8433
1953-10-01,2858.845,385.97,13.501,56.928,73.561,26.89
1954-01-01,2845.192,385.345,13.544,53.236,71.375,26.9533
1954-04-01,2848.305,386.121,13.556,53.36,70.056,26.91
1954-07-01,2880.482,390.996,13.574,54.012,69.904,26.84
1954-10-01,2936.852,399.734,13.611,55.992,70.683,26.7567
1955-01-01,3020.746,413.073,13.675,59.228,71.276,26.7933
1955-04-01,3069.91,421.532,13.731,61.024,70.836,26.7567
1955-07-01,3111.379,430.221,13.827,62.492,72.676,26.7767
1955-10-01,3130.068,437.092,13.964,64.132,71.777,26.8567
1956-01-01,3117.922,439.746,14.104,63.936,71.909,26.86
1956-04-01,3143.694,446.01,14.187,65.176,74.834,27.0367
1956-07-01,3140.874,451.191,14.365,64.956,74.181,27.3167
1956-10-01,3192.57,460.463,14.423,67.636,76.822,27.55
1957-01-01,3213.011,469.779,14.621,68.528,80.058,27.7767
1957-04-01,3205.97,472.025,14.723,67.94,81.446,28.0133
1957-07-01,3237.386,479.49,14.811,67.792,81.451,28.2633
1957-10-01,3203.894,474.864,14.821,65.16,84.813,28.4
1958-01-01,3120.724,467.54,14.982,61.632,83.792,28.7367
1958-04-01,3141.224,471.978,15.025,61.632,88.476,28.93
1958-07-01,3213.884,485.841,15.117,64.8,89.193,28.9133
1958-10-01,3289.032,499.555,15.189,68.412,90.999,28.9433
1959-01-01,3352.129,510.33,15.224,70.632,89.118,28.9933
1959-04-01,3427.667,522.653,15.248,74.056,90.132,29.0433
1959-07-01,3430.057,525.034,15.307,72.152,90.742,29.1933
1959-10-01,3439.832,528.6,15.367,72.496,92.047,29.37
1960-01-01,3517.181,542.648,15.428,77.184,90.543,29.3967
1960-04-01,3498.246,541.08,15.467,75.816,92.628,29.5733
1960-07-01,3515.385,545.604,15.52,75.24,93.723,29.59
1960-10-01,3470.278,540.197,15.566,73.98,96.698,29.78
1961-01-01,3493.703,545.018,15.6,73.82,96.51,29.84
1961-04-01,3553.021,555.545,15.636,75.66,100.155,29.83
1961-07-01,3621.252,567.664,15.676,77.316,100.502,29.9467
1961-10-01,3692.289,580.612,15.725,80.288,102.076,29.99
1962-01-01,3758.147,594.013,15.806,80.136,105.952,30.1067
1962-04-01,3792.149,600.366,15.832,81.324,107.795,30.22
1962-07-01,3838.776,609.027,15.865,83.648,109.32,30.3067
1962-10-01,3851.421,612.28,15.898,84.796,111.161,30.38
1963-01-01,3893.482,621.672,15.967,85.448,112.116,30.4767
1963-04-01,3937.183,629.752,15.995,87.496,112.048,30.5333
1963-07-01,4023.755,644.444,16.016,88.356,113.773,30.72
1963-10-01,4050.147,653.938,16.146,89.54,116.055,30.8033
1964-01-01,4135.553,669.822,16.197,87.56,117.829,30.93
1964-04-01,4180.592,678.674,16.234,83.648,118.785,30.98
1964-07-01,4245.918,692.031,16.299,85.964,118.123,31.05
1964-10-01,4259.046,697.319,16.373,87.432,118.105,31.1933
1965-01-01,4362.111,717.79,16.455,93.352,119.954,31.29
1965-04-01,4417.225,730.191,16.531,94.828,122.907,31.49
1965-07-01,4515.427,749.323,16.595,92.916,128.665,31.5833
1965-10-01,4619.458,771.857,16.709,96.116,132.243,31.75
1966-01-01,4731.888,795.734,16.816,98.692,136.056,32.0467
1966-04-01,4748.046,804.981,16.954,102.972,142.395,32.3367
1966-07-01,4788.254,819.638,17.118,104.296,146.957,32.6167
1966-10-01,4827.537,833.302,17.261,106.272,152.091,32.8833
1967-01-01,4870.299,844.17,17.333,105.788,161.919,32.9667
1967-04-01,4873.287,848.983,17.421,105.568,164.163,33.1667
1967-07-01,4919.392,865.233,17.588,108.372,166.058,33.5
1967-10-01,4956.477,881.439,17.784,111.94,170.992,33.8667
1968-01-01,5057.553,909.387,17.981,118.228,177.285,34.2
1968-04-01,5142.033,934.344,18.171,121.904,183.665,34.5333
1968-07-01,5181.859,950.825,18.349,132.152,186.229,35.0
1968-10-01,5202.212,968.03,18.608,136.584,190.202,35.4333
1969-01-01,5283.597,993.337,18.8,143.02,188.097,35.8667
1969-04-01,5299.625,1009.02,19.039,145.064,194.972,36.4333
1969-07-01,5334.6,1029.956,19.307,141.652,199.772,36.9333
1969-10-01,5308.556,1038.147,19.556,142.068,205.097,37.5
1970-01-01,5300.652,1051.2,19.832,135.748,208.693,38.1
1970-04-01,5308.164,1067.375,20.108,136.872,220.11,38.6333
1970-07-01,5357.077,1086.059,20.273,132.8,223.37,39.0333
1970-10-01,5299.672,1088.608,20.541,132.3,227.603,39.6
1971-01-01,5443.619,1135.156,20.853,133.248,233.12,39.9333
1971-04-01,5473.059,1156.271,21.127,134.872,242.896,40.3
1971-07-01,5518.072,1177.675,21.342,135.276,242.609,40.7
1971-10-01,5531.032,1190.297,21.52,137.648,247.782,41.0
1972-01-01,5632.649,1230.609,21.848,150.632,258.846,41.3333
1972-04-01,5760.47,1266.369,21.984,153.08,267.56,41.6
1972-07-01,5814.854,1290.566,22.194,155.1,260.264,41.9333
1972-10-01,5912.22,1328.904,22.477,161.256,285.409,42.3667
1973-01-01,6058.544,1377.49,22.736,163.716,283.042,43.0333
1973-04-01,6124.506,1413.887,23.086,166.456,287.36,43.9333
1973-07-01,6092.301,1433.838,23.535,168.66,286.911,44.8
1973-10-01,6150.131,1476.289,24.004,175.876,292.909,45.9333
1974-01-01,6097.258,1491.209,24.457,177.044,302.072,47.3
1974-04-01,6111.751,1530.056,25.035,184.556,314.483,48.5667
1974-07-01,6053.978,1560.026,25.769,193.832,324.454,49.9333
1974-10-01,6030.464,1599.679,26.527,190.652,338.388,51.4667
1975-01-01,5957.035,1616.116,27.13,183.944,354.024,52.5667
1975-04-01,5999.61,1651.853,27.533,150.556,377.665,53.2
1975-07-01,6102.326,1709.82,28.019,192.616,379.106,54.2667
1975-10-01,6184.53,1761.831,28.488,198.704,388.241,55.2667
1976-01-01,6323.649,1820.487,28.789,204.383,393.991,55.9
1976-04-01,6370.025,1852.332,29.079,209.755,395.709,56.4
1976-07-01,6404.895,1886.558,29.455,215.427,407.495,57.3
1976-10-01,6451.177,1934.273,29.983,220.003,416.741,58.1333
1977-01-01,6527.703,1988.648,30.465,228.932,420.834,59.2
1977-04-01,6654.466,2055.909,30.895,239.908,428.835,60.2333
1977-07-01,6774.457,2118.473,31.271,244.424,442.98,61.0667
1977-10-01,6774.592,2164.27,31.947,253.3,456.618,61.9667
1978-01-01,6796.26,2202.76,32.411,252.624,468.33,63.0333
1978-04-01,7058.92,2331.633,33.031,275.452,478.557,64.4667
1978-07-01,7129.915,2395.053,33.592,288.508,492.031,65.9667
1978-10-01,7225.75,2476.949,34.279,302.716,504.542,67.5
1979-01-01,7238.727,2526.61,34.904,305.111,511.805,69.2
1979-04-01,7246.454,2591.247,35.759,313.483,522.934,71.4
1979-07-01,7300.281,2667.565,36.541,321.235,543.29,73.7
1979-10-01,7318.535,2723.883,37.219,327.619,559.516,76.0333
1980-01-01,7341.557,2789.842,38.001,334.369,583.861,79.0333
1980-04-01,7190.289,2797.352,38.905,329.157,608.694,81.7
1980-07-01,7181.743,2856.483,39.774,346.541,639.968,83.2333
1980-10-01,7315.677,2985.557,40.81,367.909,657.298,85.5667
1981-01-01,7459.022,3124.206,41.885,389.143,680.243,87.9333
1981-04-01,7403.745,3162.532,42.715,393.071,695.699,89.7667
1981-07-01,7492.405,3260.609,43.519,404.735,722.114,92.2667
1981-10-01,7410.768,3280.818,44.271,390.203,738.484,93.7667
1982-01-01,7295.631,3274.302,44.88,373.505,753.575,94.6
1982-04-01,7328.912,3331.972,45.463,377.697,767.553,95.9667
1982-07-01,7300.896,3366.322,46.108,366.537,794.534,97.6333
1982-10-01,7303.817,3402.561,46.586,369.325,828.404,97.9333
1983-01-01,7400.066,3473.413,46.938,366.026,831.494,98.0
1983-04-01,7568.456,3578.848,47.286,388.038,852.517,99.1333
1983-07-01,7719.746,3689.179,47.789,377.326,864.3,100.1
1983-10-01,7880.794,3794.706,48.151,386.546,859.457,101.1
1984-01-01,8034.847,3908.054,48.639,401.0,874.942,102.5333
1984-04-01,8173.67,4009.601,49.055,407.192,897.828,103.5
1984-07-01,8252.465,4084.25,49.491,409.792,914.311,104.4
1984-10-01,8320.199,4148.551,49.861,420.74,943.661,105.3
1985-01-01,8400.82,4230.168,50.354,458.534,952.096,106.2667
1985-04-01,8474.787,4294.887,50.678,411.414,966.688,107.2333
1985-07-01,8604.22,4386.773,50.984,449.822,984.669,107.9
1985-10-01,8668.188,4444.094,51.269,451.882,996.43,109.0
1986-01-01,8749.127,4507.894,51.524,450.793,1007.454,109.5667
1986-04-01,8788.524,4545.34,51.719,452.337,1033.105,109.0333
1986-07-01,8872.601,4607.669,51.931,462.097,1052.329,109.7
1986-10-01,8920.193,4657.627,52.214,482.909,1042.504,110.4667
1987-01-01,8986.367,4722.156,52.548,480.364,1045.149,111.8
1987-04-01,9083.256,4806.16,52.912,545.316,1061.117,113.0667
1987-07-01,9162.024,4884.555,53.313,534.536,1064.747,114.2667
1987-10-01,9319.332,5007.994,53.738,545.447,1089.898,115.3333
1988-01-01,9367.502,5073.372,54.159,538.868,1107.967,116.2333
1988-04-01,9490.594,5190.036,54.686,542.697,1108.813,117.5667
1988-07-01,9546.206,5282.835,55.34,552.924,1120.902,119.0
1988-10-01,9673.405,5399.509,55.818,564.743,1151.873,120.3
1989-01-01,9771.725,5511.253,56.4,598.209,1171.136,121.6667
1989-04-01,9846.293,5612.463,57.001,594.565,1194.208,123.6333
1989-07-01,9919.228,5695.365,57.417,601.42,1212.452,124.6
1989-10-01,9938.767,5747.237,57.826,610.382,1229.556,125.8667
1990-01-01,10047.386,5872.701,58.45,607.186,1261.251,128.0333
1990-04-01,10083.855,5960.028,59.105,620.34,1287.513,129.3
1990-07-01,10090.569,6015.116,59.611,628.133,1297.056,131.5333
1990-10-01,9998.704,6004.733,60.055,626.593,1317.797,133.7667
1991-01-01,9951.916,6035.178,60.643,613.433,1281.354,134.7667
1991-04-01,10029.51,6126.862,61.088,612.927,1345.598,135.5667
1991-07-01,10080.195,6205.937,61.566,616.693,1384.626,136.6
1991-10-01,10115.329,6264.54,61.931,625.41,1413.344,137.7333
1992-01-01,10236.435,6363.102,62.161,627.451,1458.39,138.6667
1992-04-01,10347.429,6470.763,62.535,637.932,1476.444,139.7333
1992-07-01,10449.673,6566.641,62.841,642.804,1498.726,140.8
1992-10-01,10558.648,6680.803,63.273,673.51,1521.869,142.0333
1993-01-01,10576.275,6729.459,63.628,656.938,1522.365,143.0667
1993-04-01,10637.847,6808.939,64.007,694.565,1532.659,144.1
1993-07-01,10688.606,6882.098,64.387,699.151,1550.905,144.7667
1993-10-01,10833.987,7013.738,64.738,746.417,1572.369,145.9667
1994-01-01,10939.116,7115.652,65.048,727.521,1552.96,146.7
1994-04-01,11087.361,7246.931,65.362,767.039,1567.862,147.5333
1994-07-01,11152.176,7331.075,65.737,770.302,1596.722,148.9
1994-10-01,11279.932,7455.288,66.093,788.991,1622.331,149.7667
1995-01-01,11319.951,7522.289,66.452,803.103,1642.508,150.8667
1995-04-01,11353.721,7580.997,66.771,826.947,1659.406,152.1
1995-07-01,11450.31,7683.125,67.1,830.271,1670.844,152.8667
1995-10-01,11528.067,7772.586,67.423,842.468,1665.404,153.7
1996-01-01,11614.418,7868.468,67.747,875.999,1701.217,155.0667
1996-04-01,11808.14,8032.84,68.028,921.58,1711.469,156.4
1996-07-01,11914.063,8131.408,68.251,923.88,1715.062,157.3
1996-10-01,12037.775,8259.771,68.615,946.372,1735.168,158.6667
1997-01-01,12115.472,8362.655,69.025,978.033,1736.733,159.6333
1997-04-01,12317.221,8518.825,69.162,1004.394,1755.842,160.0
1997-07-01,12471.01,8662.823,69.464,1032.495,1757.977,160.8
1997-10-01,12577.495,8765.907,69.695,1045.441,1786.848,161.6667
1998-01-01,12703.742,8866.48,69.794,1063.588,1768.79,162.0
1998-04-01,12821.339,8969.699,69.959,1081.512,1781.911,162.5333
1998-07-01,12982.752,9121.097,70.255,1108.773,1788.538,163.3667
1998-10-01,13191.67,9293.991,70.453,1127.159,1814.518,164.1333
1999-01-01,13315.597,9411.682,70.682,1142.659,1811.988,164.7333
1999-04-01,13426.748,9526.21,70.949,1158.005,1816.961,165.9667
1999-07-01,13604.771,9686.626,71.2,1182.148,1843.205,167.2
1999-10-01,13827.98,9900.169,71.595,1215.337,1875.154,168.4333
2000-01-01,13878.147,10002.179,72.071,1272.073,1866.308,170.1
2000-04-01,14130.908,10247.72,72.52,1284.187,1908.645,171.4333
2000-07-01,14145.312,10318.165,72.944,1291.65,1918.617,173.0
2000-10-01,14229.765,10435.744,73.337,1306.215,1938.796,174.2333
2001-01-01,14183.12,10470.231,73.822,1301.0,1982.626,175.9
2001-04-01,14271.694,10599.0,74.266,1291.202,2003.581,177.1333
2001-07-01,14214.516,10598.02,74.558,1104.283,2037.703,177.6333
2001-10-01,14253.574,10660.465,74.792,1210.806,2045.404,177.5
2002-01-01,14372.785,10783.5,75.027,1055.567,2091.469,178.0667
2002-04-01,14460.848,10887.46,75.289,1051.808,2130.186,179.4667
2002-07-01,14519.633,10984.04,75.65,1047.885,2148.447,180.4333
2002-10-01,14537.58,11061.433,76.089,1057.477,2184.697,181.5
2003-01-01,14614.141,11174.129,76.461,1062.924,2220.262,183.3667
2003-04-01,14743.567,11312.766,76.73,1074.61,2299.919,183.0667
2003-07-01,14988.782,11566.669,77.169,994.708,2309.622,184.4333
2003-10-01,15162.76,11772.234,77.639,1083.214,2344.18,185.1333
2004-01-01,15248.68,11923.447,78.193,1086.156,2381.04,186.7
2004-04-01,15366.85,12112.815,78.824,1122.2,2400.4,188.1667
2004-07-01,15512.619,12305.307,79.324,1165.545,2428.795,189.3667
2004-10-01,15670.88,12527.214,79.939,1188.485,2476.05,191.4
2005-01-01,15844.727,12767.286,80.578,1326.264,2548.019,192.3667
2005-04-01,15922.782,12922.656,81.158,1343.299,2578.686,193.6667
2005-07-01,16047.587,13142.642,81.898,1374.911,2617.33,196.6
2005-10-01,16136.734,13324.204,82.571,1426.819,2649.819,198.4333
2006-01-01,16353.835,13599.16,83.156,1492.519,2728.184,199.4667
2006-04-01,16396.151,13753.424,83.882,1518.932,2749.085,201.2667
2006-07-01,16420.738,13870.188,84.468,1557.724,2775.712,203.1667
2006-10-01,16561.866,14039.56,84.77,1569.927,2789.906,202.3333
2007-01-01,16611.69,14215.651,85.576,1606.513,2869.326,204.317
2007-04-01,16713.314,14402.082,86.171,1619.091,2905.202,206.631
2007-07-01,16809.587,14564.117,86.642,1602.248,2945.721,207.939
2007-10-01,16915.191,14715.058,86.993,1602.775,2991.765,210.4897
2008-01-01,16843.003,14706.538,87.315,1551.383,3043.522,212.7697
2008-04-01,16943.291,14865.701,87.738,1528.239,3397.452,215.5377
2008-07-01,16854.295,14898.999,88.399,1494.271,3194.11,218.861
2008-10-01,16485.35,14608.209,88.613,1384.171,3192.866,213.8487
2009-01-01,16298.262,14430.902,88.543,1144.195,3322.767,212.3777
2009-04-01,16269.145,14381.236,88.396,1102.464,3524.671,213.507
2009-07-01,16326.281,14448.882,88.501,1104.113,3532.903,215.344
2009-10-01,16502.754,14651.249,88.781,1143.889,3560.619,217.03
2010-01-01,16582.71,14764.61,89.036,1213.369,3710.548,217.374
2010-04-01,16743.162,14980.193,89.471,1257.379,3745.711,217.2973
2010-07-01,16872.266,15141.607,89.743,1297.148,3792.438,217.9343
2010-10-01,16960.864,15309.474,90.264,1326.495,3809.804,219.699
2011-01-01,16920.632,15351.448,90.726,1458.521,3811.263,222.0437
2011-04-01,17035.114,15557.539,91.326,1476.191,3849.377,224.5683
2011-07-01,17031.313,15647.68,91.876,1471.733,3783.833,226.0327
2011-10-01,17222.583,15842.259,91.985,1507.169,3786.528,227.0473
2012-01-01,17367.01,16068.805,92.525,1529.118,3774.344,228.326
2012-04-01,17444.525,16207.115,92.907,1556.654,3772.867,228.808
2012-07-01,17469.65,16319.541,93.417,1575.77,3777.299,229.841
2012-10-01,17489.852,16420.419,93.885,1630.259,3769.503,231.3693
2013-01-01,17662.4,16648.189,94.258,1710.991,3758.798,232.2993
2013-04-01,17709.671,16728.687,94.461,1730.865,3776.035,232.045
2013-07-01,17860.45,16953.838,94.924,1753.758,3773.724,233.3
2013-10-01,18016.147,17192.019,95.426,1783.928,3772.463,234.1627
2014-01-01,17953.974,17197.738,95.788,1865.024,3819.402,235.621
2014-04-01,18185.911,17518.508,96.33,1903.372,3876.072,236.8723
2014-07-01,18406.941,17804.228,96.726,1900.394,3931.623,237.4783
2014-10-01,18500.031,17912.079,96.822,1933.008,3926.651,236.8883
2015-01-01,18666.621,18063.529,96.769,2017.75,3970.21,235.355
2015-04-01,18782.243,18279.784,97.325,2045.283,3990.778,236.96
2015-07-01,18857.418,18401.626,97.583,2026.616,4011.91,237.855
2015-10-01,18892.206,18435.137,97.581,2013.189,4050.403,237.837
2016-01-01,19001.69,18525.933,97.496,2001.701,4084.292,237.6893
2016-04-01,19062.709,18711.702,98.159,2011.666,4101.647,239.5903
2016-07-01,19197.938,18892.639,98.41,2036.51,4150.5,240.6073
2016-10-01,19304.352,19089.379,98.886,2034.647,4175.46,242.1347
2017-01-01,19398.343,19280.084,99.39,1943.31,4192.262,243.8387
2017-04-01,19506.949,19438.643,99.65,1982.371,4195.549,244.12
2017-07-01,19660.766,19692.595,100.162,2021.546,4253.985,245.287
2017-10-01,19882.352,20037.088,100.778,2051.989,4320.383,247.2383
2018-01-01,20044.077,20328.553,101.419,1987.756,4398.501,249.3217
2018-04-01,20150.476,20580.912,102.136,2017.635,4453.783,250.679
2018-07-01,20276.154,20798.73,102.577,2039.255,4512.225,251.6863
2018-10-01,20304.874,20917.867,103.019,2069.109,4593.407,252.711
2019-01-01,20431.641,21111.6,103.328,2079.842,4687.997,253.3857
2019-04-01,20602.275,21397.938,103.862,2088.037,4734.95,255.2473
2019-07-01,20843.322,21717.171,104.192,2110.233,4773.268,256.0893
2019-10-01,20985.448,21933.217,104.516,2173.772,4796.274,257.888
2020-01-01,20709.212,21751.238,105.032,2159.532,4866.623,258.8177
2020-04-01,19077.992,19958.291,104.614,1977.89,8891.373,256.292
2020-07-01,20558.879,21704.437,105.572,2170.988,7174.111,259.2217
2020-10-01,20791.917,22087.16,106.23,2288.481,5928.343,261.0917
2021-01-01,21082.134,22680.693,107.583,2465.136,8346.291,263.7423
2021-04-01,21440.929,23425.91,109.258,2644.988,7754.325,268.5503
2021-07-01,21617.828,23982.379,110.938,2740.565,6795.61,272.8297
2021-10-01,21988.737,24813.6,112.847,2849.597,6240.006,278.7713
2022-01-01,21932.71,25250.347,115.126,3222.172,6002.815,284.9057
2022-04-01,21967.045,25861.292,117.728,3271.182,6079.675,291.6053
2022-07-01,22125.625,26336.304,119.031,3277.537,6178.737,295.453
2022-10-01,22278.345,26770.514,120.164,3240.805,6318.34,298.5417
2023-01-01,22439.607,27216.445,121.288,2900.169,6433.6,301.2303
2023-04-01,22580.499,27530.055,121.92,2891.709,6491.697,303.3977
2023-07-01,22840.989,28074.846,122.914,2921.203,6558.635,305.989
2023-10-01,23033.78,28424.722,123.405,2959.161,6668.128,308.195
2024-01-01,23082.119,28708.161,124.374,3033.756,6846.123,311.0033
2024-04-01,23286.508,29147.044,125.167,3098.577,6954.021,313.0807
2024-07-01,23478.57,29511.664,125.696,3141.087,7165.663,314.121
2024-10-01,23586.542,29825.182,126.45,3202.119,7247.662,316.5877
2025-01-01,23548.21,30042.113,127.577,3246.051,7313.597,319.475
2025-04-01,23770.976,30485.729,128.248,3455.06,7496.339,320.7857
2025-07-01,24026.834,31098.027,129.43,3612.566,7580.229,323.235
2025-10-01,24055.749,31422.526,130.624,3705.97,7583.663,325.547
2026-01-01,24180.419,31865.721,131.783,3645.437,7679.66,328.1137
