state,mfg,mfg_series_id,mining,mining_series_id,construction,construction_series_id,trade_transport,trade_transport_series_id,information,information_series_id,financial,financial_series_id,prof_business,prof_business_series_id,education_health,education_health_series_id,leisure_hosp,leisure_hosp_series_id,other_services,other_services_series_id,government,government_series_id,share_sum
AK,0.06095472883154199,AKMFG,0.05764194003288877,AKNRMN,0.04143385208079797,AKCONS,0.19923286899791068,AKTRAD,0.02317220061405794,AKINFO,0.035814916015697584,AKFIRE,0.08395145373869164,AKPBSV,0.07526693221351526,AKEDUH,0.08749015079451541,AKLEIH,0.03885007355899581,AKSRVO,0.29619088312138664,AKGOVT,0.9999999999999998
AL,0.21793499141292,ALMFGN,0.011343947620486792,ALNRMNN,0.050065258589635356,ALCONS,0.19365682569863432,ALTRAD,0.017837618197951696,ALINFO,0.04821631460395512,ALFIRE,0.07263885766470723,ALPBSV,0.08322063369741636,ALEDUH,0.06532034079077384,ALLEIH,0.03788318359540195,ALSRVO,0.20187055210227933,ALGOVT,0.9999885239741622
AR,0.23715370638209712,ARMFG,0.007820680542814271,ARNRMN,0.04035692178897607,ARCONS,0.2115571031651761,ARTRAD,0.019570707365435785,ARINFO,0.04304836071442844,ARFIRE,0.062206571166352996,ARPBSV,0.10191934602883534,AREDUH,0.07073733779737093,ARLEIH,0.03679521436197783,ARSRVO,0.16883405068653515,ARGOVT,1.0
AZ,0.11675882648106908,AZMFG,0.00870098755331695,AZNRMN,0.055202076837419595,AZCONS,0.2071468819119512,AZTRAD,0.021484470566092335,AZINFO,0.06570789564773186,AZFIRE,0.09768777831602962,AZPBSV,0.09362430981915126,AZEDUH,0.1074770624734403,AZLEIH,0.038792627947908886,AZSRVO,0.1874170824458889,AZGOVT,1.0
CA,0.1547296991327226,CAMFG,0.002605113213108838,CANRMN,0.048408068660001094,CACONS,0.190860002894139,CATRAD,0.03173047466869092,CAINFON,0.06530473194048034,CAFIRE,0.12155559064587187,CAPBSV,0.0949998594704598,CAEDUH,0.08936739027246322,CALEIH,0.03345495349312115,CASRVO,0.1669859274562604,CAGOVT,1.0000018118473193
CO,0.10935741336311132,COMFG,0.010568692855916322,CONRMN,0.042498418033692184,COCONS,0.1989877940538675,COTRAD,0.03330570259483179,COINFO,0.06824422220382786,COFIRE,0.12109204816465488,COPBSV,0.08666178703680577,COEDUH,0.10969630350919496,COLEIH,0.03683915808912264,COSRVO,0.18274846009497442,COGOVT,0.9999999999999996
CT,0.18271013423846522,CTMFG,0.0005446814675706951,CTNRMNN,0.0357296574960736,CTCONS,0.18989862982043273,CTTRAD,0.025826378579490526,CTINFO,0.09476592804075598,CTFIRE,0.10719066882333456,CTPBSV,0.12768395260514892,CTEDUH,0.06551602943873114,CTLEIH,0.0338648487909972,CTSRVO,0.13626412208128122,CTGOVT,0.9999950313822819
DC,0.009892089467446052,DCMFGN,,,,,0.06408287816621794,DCTRADN,0.03750230763586826,DCINFO,0.043349314965092284,DCFIREN,0.16015856965371889,DCPBSV,0.11367846188286172,DCEDUHN,0.06777668422030023,DCLEIH,0.07509570653728759,DCSRVO,0.41051712575691124,DCGOVT,0.9820531382857042
DE,0.13324034047557626,DEMFG,,,,,0.19265528108700236,DETRAD,0.01358111414117116,DEINFO,0.1065547678762936,DEFIRE,0.14392703362266146,DEPBSV,0.09729933362447052,DEEDUH,0.08206341671667489,DELEIH,0.03241032198605926,DESRVO,0.1391813040044917,DEGOVT,0.9409129135344012
FL,0.09239583312942287,FLMFG,,,0.06813130367747278,FLCONS,0.22497741783326128,FLTRAD,0.02433709101140926,FLINFO,0.06971272421755245,FLFIRE,0.0702502597856443,FLPBSV,0.11428229281995353,FLEDUH,0.1306526148406581,FLLEIH,0.043593328469424285,FLSRVO,0.1596397150781807,FLGOVT,0.9979725808629798
GA,0.16971512209328093,GAMFG,0.005130731517762208,GANRMNN,0.04603073353734617,GACONS,0.2155966846706732,GATRAD,0.02878838142391081,GAINFO,0.056598759745993724,GAFIRE,0.09959887974684287,GAPBSV,0.08370960587236172,GAEDUH,0.07950907232517461,GALEIH,0.030535619460296842,GASRVO,0.18478224991443165,GAGOVT,0.9999958403080746
HI,0.03792336202166541,HIMFG,,,,,0.21310105518336903,HITRAD,0.018366270566323742,HIINFON,0.05901447744090124,HIFIREN,0.09456371673963225,HIPBSV,0.0903946991892746,HIEDUH,0.18060485390899117,HILEIH,0.03771679595746942,HISRVO,0.20106529792721867,HIGOVT,0.9327505289348457
IA,0.17679283334134935,IAMFG,0.0016093406977622166,IANRMN,0.03677681578447879,IACONS,0.21879181277598725,IATRAD,0.024011284509290423,IAINFO,0.05716933462248365,IAFIRE,0.056821186088280365,IAPBSV,0.12114001903902011,IAEDUH,0.0831148284133951,IALEIH,0.04534574827903487,IASRVO,0.1784267964489181,IAGOVT,1.0000000000000002
ID,0.1380277751962023,IDMFG,0.01601132717047032,IDNRMN,0.049553650235005825,IDCONS,0.22017458473127052,IDTRAD,0.019315602791088002,IDINFO,0.04881346958823793,IDFIRE,0.08718604908757313,IDPBSV,0.08555412462192716,IDEDUH,0.09473639438115511,IDLEIH,0.029005432868986245,IDSRVO,0.2116215893280835,IDGOVT,1.0
IL,0.1706640440340072,ILMFG,0.003452946906354803,ILNRMNN,0.04121466728424926,ILCONS,0.21259346768465037,ILTRAD,0.025611718819320346,ILINFO,0.07126907795513232,ILFIRE,0.11001093691946982,ILPBSV,0.10465563551422377,ILEDUH,0.07492193286062954,ILLEIH,0.03959693464909278,ILSRVO,0.14601109541768403,ILGOVT,1.0000024580448141
IN,0.23704670398575056,INMFG,0.0032252288505140885,INNRMNN,0.045665592661636716,INCONS,0.20975966850380423,INTRAD,0.01752829161378387,ININFO,0.05195317380193365,INFIRE,0.0628153880593954,INPBSV,0.10120735867393335,INEDUH,0.08253600370559719,INLEIH,0.039018806855733605,INSRVO,0.14924530902744435,INGOVT,1.000001525739527
KS,0.1605621149388683,KSMFG,0.008372307421695787,KSNRMN,0.03938444835196784,KSCONS,0.21678287378244632,KSTRAD,0.027677116066084965,KSINFO,0.054224394234577616,KSFIRE,0.07924181511481518,KSPBSV,0.09819862348895927,KSEDUH,0.07993280467720079,KSLEIH,0.037691234621561404,KSSRVO,0.1979322673018225,KSGOVT,1.0
KY,0.18460799507247314,KYMFG,0.022512189969554897,KYNRMN,0.043945519403779255,KYCONS,0.20816712852098346,KYTRAD,0.018333528520251757,KYINFO,0.0447908060154428,KYFIRE,0.06971122181634652,KYPBSV,0.10963396906826664,KYEDUH,0.08327766990938731,KYLEIH,0.042858301197219374,KYSRVO,0.17216167050629483,KYGOVT,1.0
LA,0.11088451971364849,LAMFG,0.03503757337298363,LANRMNN,0.06084900754776151,LACONS,0.220208136326922,LATRAD,0.016631162094125865,LAINFO,0.053212500603404295,LAFIRE,0.07536286263071537,LAPBSV,0.10532567732233877,LAEDUH,0.07888350627195362,LALEIH,0.0365616749089976,LASRVO,0.20703432226510593,LAGOVT,0.9999909430579572
MA,0.1595072332201214,MAMFG,0.0004840283495768577,MANRMN,0.030486566163295977,MACONS,0.18852021048575357,MATRAD,0.029797822406196522,MAINFO,0.06721761258279363,MAFIRE,0.11493194574540253,MAPBSV,0.15889049908827335,MAEDUH,0.07883568634329223,MALEIH,0.03225015019761072,MASRVO,0.13907824541768327,MAGOVT,1.0
MD,0.09036282663167984,MDMFG,,,,,0.20018026150223364,MDTRAD,0.02154462424394009,MDINFO,0.06325021218006065,MDFIRE,0.11861309168090278,MDPBSV,0.10861447075067815,MDEDUH,0.08417648630120675,MDLEIH,0.04964044262435684,MDSRVO,0.19565290895149104,MDGOVT,0.9320353248665498
ME,0.17226968858990982,MEMFG,0.0061599629751753655,MENRMN,0.04835691679429367,MECONS,0.20747228210494634,METRAD,0.019047600047527945,MEINFO,0.04992648089956324,MEFIRE,0.06316841346563358,MEPBSV,0.12887378153401532,MEEDUH,0.08999730363347845,MELEIH,0.0319696151286335,MESRVO,0.18275795482682244,MEGOVT,0.9999999999999997
MI,0.2060592255987761,MIMFG,0.0028831741070666425,MINRMN,0.034856279160932056,MICONS,0.19581600556700796,MITRAD,0.017662813438371137,MIINFO,0.04881756609017819,MIFIRE,0.10466702292737906,MIPBSV,0.10697201326413092,MIEDUH,0.08420856338771444,MILEIH,0.036722985398759095,MISRVO,0.16133435105968474,MIGOVT,1.0000000000000002
MN,0.1591345503431016,MNMFG,0.003947288184912233,MNNRMN,0.03565149598958002,MNCONS,0.20728135824027896,MNTRAD,0.025294080254353115,MNINFO,0.060657864399588896,MNFIRE,0.10132938192737972,MNPBSV,0.11518000204775038,MNEDUH,0.08462138900742844,MNLEIH,0.04311942270944133,MNSRVO,0.16378316689618538,MNGOVT,1.0000000000000002
MO,0.16464852231673127,MOMFG,0.0023417561204434646,MONRMNN,0.039245798884626246,MOCONS,0.214322331323579,MOTRAD,0.027990383533111826,MOINFO,0.05928963919341637,MOFIRE,0.09405003482429214,MOPBSV,0.11202168932216322,MOEDUH,0.08779798607038286,MOLEIH,0.03919064999427232,MOSRVO,0.15910649352098194,MOGOVT,1.0000052851040007
MS,0.24523062052070882,MSMFG,0.010874181514486271,MSNRMNN,0.03829866229442838,MSCONS,0.1985170662829713,MSTRAD,0.013876143863797232,MSINFO,0.042890403423666235,MSFIREN,0.05488472184956188,MSPBSV,0.0797572272574068,MSEDUHN,0.06125757812457191,MSLEIH,0.03747710552630697,MSSRVO,0.2169703647018406,MSGOVT,1.0000340753597463
MT,0.06430646373781532,MTMFG,0.025521927433888494,MTNRMN,0.036906342120483465,MTCONS,0.23662300672260905,MTTRAD,0.021799189833395568,MTINFO,0.046759561777873604,MTFIRE,0.05340717106834142,MTPBSV,0.11886504831754685,MTEDUH,0.1188687825861616,MTLEIH,0.03850482933307671,MTSRVO,0.23843767706880792,MTGOVT,1.0
NC,0.2610398753955286,NCMFG,0.002490903339149783,NCNRMNN,0.051076931536626735,NCCONS,0.20121384880395193,NCTRAD,0.016012141078953077,NCINFO,0.04409358052385042,NCFIRE,0.0780782705286881,NCPBSV,0.07898342410789078,NCEDUH,0.07746568305689489,NCLEIH,0.02757953169040294,NCSRVO,0.1619631268443942,NCGOVT,0.9999973169063315
ND,0.05890547978000209,NDMFG,0.013398757309391983,NDNRMN,0.03822152641374456,NDCONS,0.24205963711586428,NDTRAD,0.022519210619138832,NDINFO,0.04761607811795954,NDFIRE,0.045828305675204864,NDPBSV,0.13718160467952423,NDEDUH,0.09199483646579029,NDLEIH,0.04866869011341065,NDSRVO,0.2536058737099687,NDGOVT,1.0
NE,0.13189715822070286,NEMFG,,,,,0.22835036865511563,NETRAD,0.02973013136154495,NEINFO,0.06639283755604833,NEFIRE,0.08522460861558767,NEPBSV,0.10356343531417077,NEEDUH,0.08357266266511154,NELEIH,0.03496503245210848,NESRVO,0.19647232318233412,NEGOVT,0.9601685580227244
NH,0.1930928309119604,NHMFG,0.00190986494128871,NHNRMNN,0.039546374982457416,NHCONS,0.21306929715519007,NHTRAD,0.019900556993845207,NHINFO,0.06449861499299066,NHFIRE,0.07375896707694274,NHPBSV,0.12344270007162354,NHEDUH,0.08930527296510765,NHLEIH,0.03448768771455575,NHSRVO,0.14703924210190655,NHGOVT,1.0000514099078686
NJ,0.14294749691107939,NJMFG,0.0007699615824359983,NJNRMNN,0.03762864257452518,NJCONS,0.2258114229341902,NJTRAD,0.032811989109030264,NJINFO,0.06782966988555078,NJFIRE,0.12086816536752669,NJPBSV,0.10255088288563027,NJEDUH,0.07380296060074054,NJLEIH,0.032805724197152206,NJSRVO,0.16216980981674617,NJGOVT,0.9999967258646079
NM,0.06494717545458764,NMMFG,0.02595555876940685,NMNRMN,0.05364040619763859,NMCONS,0.19919155875437383,NMTRAD,0.017873137318417887,NMINFON,0.047338294385727675,NMFIRE,0.10098779977097869,NMPBSV,0.08975115456143126,NMEDUH,0.10372963658780487,NMLEIH,0.03757260770418458,NMSRVO,0.25903327349112143,NMGOVT,1.0000206029956733
NV,0.03907932222915819,NVMFG,0.02107702650331853,NVNRMN,0.07371877233954305,NVCONS,0.1810737066183687,NVTRAD,0.017462802917184522,NVINFON,0.051576459664436344,NVFIRE,0.09507653364014884,NVPBSV,0.058846635841403136,NVEDUH,0.30938135538106404,NVLEIH,0.027162965436336176,NVSRVO,0.1255704097688199,NVGOVT,1.0000259903397815
NY,0.11749197521093357,NYMFG,0.0007792158921025897,NYNRMN,0.03732070758570898,NYCONS,0.18929275136961485,NYTRAD,0.03485709846978581,NYINFO,0.09497343832452655,NYFIRE,0.10480167176643246,NYPBSV,0.135194594685683,NYEDUH,0.06977802860797541,NYLEIH,0.03408742526087954,NYSRVO,0.18142309282635738,NYGOVT,1.0
OH,0.21422396193449333,OHMFG,0.003519443034100949,OHNRMN,0.03799430793856178,OHCONS,0.19586685668902837,OHTRAD,0.020965376808163596,OHINFO,0.05240648098771174,OHFIRE,0.09358217606119051,OHPBSV,0.11310692846206094,OHEDUH,0.08163050837235283,OHLEIH,0.03721555038768432,OHSRVO,0.1494884093246518,OHGOVT,1.0000000000000002
OK,0.13268315569019024,OKMFG,0.030979370488174375,OKNRMN,0.03320220919922223,OKCONS,0.1971714992028256,OKTRAD,0.018778613980912483,OKINFO,0.053679499464421396,OKFIRE,0.08373940040843983,OKPBSV,0.11222655714257596,OKEDUH,0.07899678127916905,OKLEIH,0.035161188636381326,OKSRVO,0.22337117893078956,OKGOVT,0.999989454423102
OR,0.15958898249846368,ORMFG,0.009772348255112206,ORNRMN,0.04271309718958215,ORCONS,0.20850756499438577,ORTRAD,0.021600662575796414,ORINFON,0.058904042305063777,ORFIRE,0.08243721897262554,ORPBSV,0.10583308638223965,OREDUH,0.08721895898501587,ORLEIH,0.03722905323081557,ORSRVO,0.18618782752663693,ORGOVT,0.9999928429157376
PA,0.18171863377635467,PAMFG,0.005165997336876935,PANRMN,0.042023474979975085,PACONS,0.198483497074603,PATRAD,0.021306712349375215,PAINFO,0.06324464851912404,PAFIRE,0.08942883237571071,PAPBSV,0.14685212715303692,PAEDUH,0.07462387971097303,PALEIH,0.04079505063981932,PASRVO,0.13635714608415112,PAGOVT,1.0
RI,0.20634021081800757,RIMFG,0.00042401441154691467,RINRMNN,0.035947317526758255,RICONS,0.16778462910938663,RITRAD,0.02241630596050161,RIINFON,0.05894227661651448,RIFIRE,0.09128262351458538,RIPBSV,0.15649978041804777,RIEDUH,0.07751846146442701,RILEIH,0.0358458725589213,RISRVO,0.14700092557983407,RIGOVT,1.000002417978531
SC,0.2253745489002034,SCMFG,0.0038249218534160247,SCNRMNN,0.05907636783778557,SCCONS,0.1970040384643445,SCTRAD,0.015144789172424174,SCINFO,0.04302428767637041,SCFIRE,0.08785716624143015,SCPBSV,0.06463368608270473,SCEDUH,0.08829026558871705,SCLEIH,0.03144486428581959,SCSRVO,0.18432227943301188,SCGOVT,0.9999972155362276
SD,0.11567476447009531,SDMFG,0.0044443982421705905,SDNRMN,0.044022988145718,SDCONS,0.22125416315145593,SDTRAD,0.01889733191573629,SDINFO,0.05881451134922074,SDFIRE,0.040704105675346575,SDPBSV,0.1279660639169584,SDEDUH,0.1017431062751679,SDLEIH,0.047940731447946944,SDSRVO,0.21853783541018312,SDGOVT,0.9999999999999999
TN,0.22431462929049578,TNMFG,0.0028201775634604056,TNNRMNN,0.04197802354517641,TNCONS,0.2179780569762565,TNTRAD,0.02025941173645527,TNINFO,0.05158740183637031,TNFIRE,0.0786709820221427,TNPBSV,0.10104862963140071,TNEDUHN,0.08094661138555662,TNLEIH,0.02131864706711821,TNSRVO,0.15921016858581355,TNGOVT,1.0001327396402464
TX,0.13108421534576897,TXMFG,0.023331922867523107,TXNRMN,0.04845468901953441,TXCONS,0.21844612284721396,TXTRAD,0.024836525067303536,TXINFO,0.06345222556389604,TXFIRE,0.09155449767685614,TXPBSV,0.0968152380208136,TXEDUH,0.08346148786433369,TXLEIH,0.037422446029784624,TXSRVO,0.18114062969697176,TXGOVT,0.9999999999999998
UT,0.14047248748699181,UTMFG,0.010796679933735592,UTNRMN,0.04117058596432202,UTCONS,0.2111758537058598,UTTRAD,0.01989083518710801,UTINFO,0.048201094075326065,UTFIRE,0.10545776075987807,UTPBSV,0.09400546387814188,UTEDUH,0.0871949567052542,UTLEIH,0.03506051414562315,UTSRVO,0.2065737681577594,UTGOVT,1.0
VA,0.13339035720880543,VAMFG,0.005605401906602715,VANRMN,0.05833049437315067,VACONS,0.19647424058624266,VATRAD,0.026115045678071047,VAINFO,0.04955930803552569,VAFIRE,0.1204605691843762,VAPBSV,0.08664524944204409,VAEDUH,0.08103532507938463,VALEIH,0.04040424229601541,VASRVO,0.2019797662097814,VAGOVT,0.9999999999999999
VT,0.16338208104486546,VTMFG,0.0044526545890531295,VTNRMNN,0.05155793668777402,VTCONS,0.19739295516178598,VTTRAD,0.021728907596004935,VTINFON,0.05191204660984006,VTFIRE,0.05542389474483981,VTPBSV,0.13921190623413865,VTEDUH,0.11163472568164257,VTLEIH,0.031078640941371312,VTSRVO,0.17225837327987553,VTGOVT,1.0000341225711915
WA,0.15357587487099966,WAMFG,0.005583709828526898,WANRMN,0.05382231806319025,WACONS,0.20056604598468403,WATRAD,0.023216205738277727,WAINFO,0.05403845846468961,WAFIRE,0.09260860670192675,WAPBSV,0.0992891008072414,WAEDUH,0.08891497434584181,WALEIH,0.041500807074106666,WASRVO,0.1868838981205153,WAGOVT,1.0
WI,0.2260342512358723,WIMFG,0.001632854134324797,WINRMN,0.03820918322610493,WICONS,0.19933977951768184,WITRAD,0.019168068369096104,WIINFO,0.05432761896924727,WIFIRE,0.06773618441547988,WIPBSV,0.10559034382028382,WIEDUH,0.08704583578241183,WILEIH,0.05079094434569731,WISRVO,0.15012493618380005,WIGOVT,1.0000000000000002
WV,0.1320094820170653,WVMFG,0.05459413595081217,WVNRMN,0.045580612051356315,WVCONS,0.22062945268703388,WVTRAD,0.01966818147631958,WVINFON,0.042264905409382485,WVFIRE,0.05402297410509049,WVPBSV,0.11831635018059253,WVEDUH,0.07820884450700251,WVLEIH,0.025435386772787387,WVSRVO,0.20926285532719885,WVGOVT,0.9999931804846414
WY,0.04546979541212037,WYMFG,0.08156791842677888,WYNRMN,0.06371735651888141,WYCONS,0.20751764223221675,WYTRAD,0.018387384044411904,WYINFO,0.039329474281311526,WYFIREN,0.04655259949092101,WYPBSV,0.0669367273308972,WYEDUHN,0.12022185493184928,WYLEIH,0.033901966368969874,WYSRVO,0.27631370405256106,WYGOVT,0.9999164230909193
