beta,se_dk,lo_dk,hi_dk,p_wc,n_obs,n_clusters,spec,h,cluster
-0.0006493788692186241,0.013653475402869944,-0.02310734740612196,0.021808589667684713,0.976,6732,12,loo_alone_dist,0,district
-0.001153502777713622,0.020782554733967888,-0.03533776330919819,0.03303075775377094,0.976,6681,12,loo_alone_dist,1,district
0.00045664746485378174,0.02192525309733526,-0.03560718461412711,0.03652047954383468,0.954,6630,12,loo_alone_dist,2,district
0.008983316078524466,0.02099293943708901,-0.02554699649494398,0.04351362865199292,0.487,6579,12,loo_alone_dist,3,district
0.01324448189860889,0.01952450091605945,-0.018870464247588835,0.04535942804480662,0.413,6528,12,loo_alone_dist,4,district
0.012307128982079335,0.017025666315881906,-0.015697600008864523,0.040311857973023196,0.414,6477,12,loo_alone_dist,5,district
0.007999354407912123,0.015743896582470336,-0.017897050988113096,0.03389575980393734,0.535,6426,12,loo_alone_dist,6,district
0.008093823257145069,0.014495803986659343,-0.015749652505889156,0.03193729902017929,0.497,6375,12,loo_alone_dist,7,district
0.024997997040871918,0.014464522809863429,0.0012059742349457593,0.04879001984679808,0.291,6324,12,loo_alone_dist,8,district
0.03244143702056259,0.01529694268236333,0.007280205368208489,0.05760266867291669,0.111,6273,12,loo_alone_dist,9,district
0.03373366815180652,0.016483579754380463,0.006620592207669963,0.06084674409594308,0.079,6222,12,loo_alone_dist,10,district
0.034096091388092,0.017724582752872167,0.004941747160828708,0.06325043561535529,0.006,6171,12,loo_alone_dist,11,district
0.03538062918288414,0.018328461828364513,0.0052329922680571656,0.06552826609771112,0.008,6120,12,loo_alone_dist,12,district
-0.0006493788692186241,0.013653475402869944,-0.02310734740612196,0.021808589667684713,0.991,6732,132,loo_alone_quarter,0,quarter
-0.001153502777713622,0.020782554733967888,-0.03533776330919819,0.03303075775377094,0.985,6681,131,loo_alone_quarter,1,quarter
0.00045664746485378174,0.02192525309733526,-0.03560718461412711,0.03652047954383468,0.991,6630,130,loo_alone_quarter,2,quarter
0.008983316078524466,0.02099293943708901,-0.02554699649494398,0.04351362865199292,0.742,6579,129,loo_alone_quarter,3,quarter
0.01324448189860889,0.01952450091605945,-0.018870464247588835,0.04535942804480662,0.583,6528,128,loo_alone_quarter,4,quarter
0.012307128982079335,0.017025666315881906,-0.015697600008864523,0.040311857973023196,0.543,6477,127,loo_alone_quarter,5,quarter
0.007999354407912123,0.015743896582470336,-0.017897050988113096,0.03389575980393734,0.681,6426,126,loo_alone_quarter,6,quarter
0.008093823257145069,0.014495803986659343,-0.015749652505889156,0.03193729902017929,0.73,6375,125,loo_alone_quarter,7,quarter
0.024997997040871918,0.014464522809863429,0.0012059742349457593,0.04879001984679808,0.426,6324,124,loo_alone_quarter,8,quarter
0.03244143702056259,0.01529694268236333,0.007280205368208489,0.05760266867291669,0.312,6273,123,loo_alone_quarter,9,quarter
0.03373366815180652,0.016483579754380463,0.006620592207669963,0.06084674409594308,0.246,6222,122,loo_alone_quarter,10,quarter
0.034096091388092,0.017724582752872167,0.004941747160828708,0.06325043561535529,0.227,6171,121,loo_alone_quarter,11,quarter
0.03538062918288414,0.018328461828364513,0.0052329922680571656,0.06552826609771112,0.194,6120,120,loo_alone_quarter,12,quarter
0.010499556376738257,0.0071008988172521,-0.0011803827974342773,0.02217949555091079,0.673,6732,12,own_alone_dist,0,district
0.003302947756053906,0.018519761189495734,-0.027159348606763258,0.03376524411887107,0.738,6681,12,own_alone_dist,1,district
0.01731771128679504,0.014515468289427274,-0.006558109375968492,0.04119353194955857,0.166,6630,12,own_alone_dist,2,district
0.023138952487961106,0.015514775412424625,-0.002380582120503058,0.04865848709642527,0.137,6579,12,own_alone_dist,3,district
0.0239139809868957,0.015491464777475391,-0.0015672110391256773,0.04939517301291707,0.092,6528,12,own_alone_dist,4,district
0.02960652149366798,0.0165387855701273,0.002402640063271424,0.05681040292406454,0.139,6477,12,own_alone_dist,5,district
0.0215571201733835,0.015267018239094534,-0.0035548901499254174,0.04666913049669242,0.159,6426,12,own_alone_dist,6,district
0.0191746348449044,0.014474220975460245,-0.004633340023878458,0.04298260971368725,0.184,6375,12,own_alone_dist,7,district
0.02583360939386792,0.013307200629367506,0.003945212174081867,0.04772200661365397,0.17,6324,12,own_alone_dist,8,district
0.04152442477850449,0.019265748267865725,0.009835088864171511,0.07321376069283747,0.158,6273,12,own_alone_dist,9,district
0.029199497335666378,0.01218167891459649,0.009162418590634071,0.04923657608069869,0.102,6222,12,own_alone_dist,10,district
0.02791478356102549,0.011096936449670145,0.009661947393735559,0.046167619728315415,0.087,6171,12,own_alone_dist,11,district
0.02594555440727133,0.011880896861661782,0.006403218112930587,0.04548789070161208,0.082,6120,12,own_alone_dist,12,district
0.010499556376738257,0.0071008988172521,-0.0011803827974342773,0.02217949555091079,0.217,6732,132,own_alone_quarter,0,quarter
0.003302947756053906,0.018519761189495734,-0.027159348606763258,0.03376524411887107,0.883,6681,131,own_alone_quarter,1,quarter
0.01731771128679504,0.014515468289427274,-0.006558109375968492,0.04119353194955857,0.387,6630,130,own_alone_quarter,2,quarter
0.023138952487961106,0.015514775412424625,-0.002380582120503058,0.04865848709642527,0.224,6579,129,own_alone_quarter,3,quarter
0.0239139809868957,0.015491464777475391,-0.0015672110391256773,0.04939517301291707,0.189,6528,128,own_alone_quarter,4,quarter
0.02960652149366798,0.0165387855701273,0.002402640063271424,0.05681040292406454,0.136,6477,127,own_alone_quarter,5,quarter
0.0215571201733835,0.015267018239094534,-0.0035548901499254174,0.04666913049669242,0.238,6426,126,own_alone_quarter,6,quarter
0.0191746348449044,0.014474220975460245,-0.004633340023878458,0.04298260971368725,0.32,6375,125,own_alone_quarter,7,quarter
0.02583360939386792,0.013307200629367506,0.003945212174081867,0.04772200661365397,0.268,6324,124,own_alone_quarter,8,quarter
0.04152442477850449,0.019265748267865725,0.009835088864171511,0.07321376069283747,0.07,6273,123,own_alone_quarter,9,quarter
0.029199497335666378,0.01218167891459649,0.009162418590634071,0.04923657608069869,0.138,6222,122,own_alone_quarter,10,quarter
0.02791478356102549,0.011096936449670145,0.009661947393735559,0.046167619728315415,0.098,6171,121,own_alone_quarter,11,quarter
0.02594555440727133,0.011880896861661782,0.006403218112930587,0.04548789070161208,0.115,6120,120,own_alone_quarter,12,quarter
-0.004532357436112253,0.01393661605636643,-0.027456050903856694,0.01839133603163219,0.877,6732,12,hr_loo_district,0,district
-0.0025481085037904532,0.017265907127570788,-0.030947998465182536,0.025851781457601627,0.834,6681,12,hr_loo_district,1,district
-0.006779063690656157,0.021627048319105485,-0.04235239255859155,0.028794265177279232,0.462,6630,12,hr_loo_district,2,district
0.0018218017432317006,0.020125784247136794,-0.03128216747091405,0.03492577095737746,0.912,6579,12,hr_loo_district,3,district
0.0061386015937524175,0.018803820081796128,-0.02479093006833287,0.0370681332558377,0.736,6528,12,hr_loo_district,4,district
0.0028694051514544716,0.01823330385016353,-0.02712171081779525,0.03286052112070419,0.777,6477,12,hr_loo_district,5,district
0.0013925490462748872,0.01688572681878294,-0.026381999955311975,0.029167098047861748,0.899,6426,12,hr_loo_district,6,district
0.004980288575691769,0.01505903443375344,-0.019789618831054685,0.02975019598243822,0.686,6375,12,hr_loo_district,7,district
0.02090743233753306,0.014987510479027364,-0.003744828632868291,0.04555969330793441,0.353,6324,12,hr_loo_district,8,district
0.024048475922265625,0.016055868018998987,-0.0023610768226390057,0.05045802866717025,0.245,6273,12,hr_loo_district,9,district
0.03091338447368342,0.018021078317388237,0.0012713484417508497,0.06055542050561599,0.163,6222,12,hr_loo_district,10,district
0.03227366200558852,0.020418867196307706,-0.0013123857604986494,0.06585970977167568,0.029,6171,12,hr_loo_district,11,district
0.03429783335158447,0.019971611287203508,0.001447456089762822,0.06714821061340612,0.039,6120,12,hr_loo_district,12,district
0.012648986054143458,0.005123679089363817,0.00422128392066797,0.021076688187618944,0.326,6732,12,hr_own_district,0,district
0.005228917171917117,0.01068306585596529,-0.012343162448228822,0.022800996792063058,0.714,6681,12,hr_own_district,1,district
0.02009443459579474,0.010292633758619893,0.0031645586270456494,0.03702431056454383,0.153,6630,12,hr_own_district,2,district
0.021471536257748502,0.011380000006907327,0.00275310197167921,0.040189970543817795,0.308,6579,12,hr_own_district,3,district
0.020139839190723336,0.011028148077170749,0.0020001498274311268,0.03827952855401555,0.23,6528,12,hr_own_district,4,district
0.027459952483514644,0.01734449732441346,-0.0010692068481969325,0.05598911181522622,0.055,6477,12,hr_own_district,5,district
0.018282868933115513,0.014352682140764723,-0.005325192342602959,0.041890930208833985,0.115,6426,12,hr_own_district,6,district
0.011213162945974013,0.012496832096565713,-0.009342296653465667,0.0317686225454137,0.406,6375,12,hr_own_district,7,district
0.010911886353002657,0.010528034087983858,-0.006405188701286323,0.028228961407291638,0.517,6324,12,hr_own_district,8,district
0.024496501855730927,0.017707150264230177,-0.0046291684793627955,0.05362217219082465,0.128,6273,12,hr_own_district,9,district
0.008583829373998847,0.010408176002876308,-0.008536096674281523,0.025703755422279217,0.618,6222,12,hr_own_district,10,district
0.006581232208852844,0.012410288316815187,-0.013831875540574096,0.026994339958279785,0.692,6171,12,hr_own_district,11,district
0.004161308075265549,0.011915965039331834,-0.015438710238306355,0.023761326388837455,0.683,6120,12,hr_own_district,12,district
-0.004532357436112253,0.01393661605636643,-0.027456050903856694,0.01839133603163219,0.948,6732,132,hr_loo_quarter,0,quarter
-0.0025481085037904532,0.017265907127570788,-0.030947998465182536,0.025851781457601627,0.963,6681,131,hr_loo_quarter,1,quarter
-0.006779063690656157,0.021627048319105485,-0.04235239255859155,0.028794265177279232,0.848,6630,130,hr_loo_quarter,2,quarter
0.0018218017432317006,0.020125784247136794,-0.03128216747091405,0.03492577095737746,0.94,6579,129,hr_loo_quarter,3,quarter
0.0061386015937524175,0.018803820081796128,-0.02479093006833287,0.0370681332558377,0.779,6528,128,hr_loo_quarter,4,quarter
0.0028694051514544716,0.01823330385016353,-0.02712171081779525,0.03286052112070419,0.896,6477,127,hr_loo_quarter,5,quarter
0.0013925490462748872,0.01688572681878294,-0.026381999955311975,0.029167098047861748,0.955,6426,126,hr_loo_quarter,6,quarter
0.004980288575691769,0.01505903443375344,-0.019789618831054685,0.02975019598243822,0.813,6375,125,hr_loo_quarter,7,quarter
0.02090743233753306,0.014987510479027364,-0.003744828632868291,0.04555969330793441,0.483,6324,124,hr_loo_quarter,8,quarter
0.024048475922265625,0.016055868018998987,-0.0023610768226390057,0.05045802866717025,0.434,6273,123,hr_loo_quarter,9,quarter
0.03091338447368342,0.018021078317388237,0.0012713484417508497,0.06055542050561599,0.28,6222,122,hr_loo_quarter,10,quarter
0.03227366200558852,0.020418867196307706,-0.0013123857604986494,0.06585970977167568,0.265,6171,121,hr_loo_quarter,11,quarter
0.03429783335158447,0.019971611287203508,0.001447456089762822,0.06714821061340612,0.221,6120,120,hr_loo_quarter,12,quarter
0.012648986054143458,0.005123679089363817,0.00422128392066797,0.021076688187618944,0.009,6732,132,hr_own_quarter,0,quarter
0.005228917171917117,0.01068306585596529,-0.012343162448228822,0.022800996792063058,0.636,6681,131,hr_own_quarter,1,quarter
0.02009443459579474,0.010292633758619893,0.0031645586270456494,0.03702431056454383,0.187,6630,130,hr_own_quarter,2,quarter
0.021471536257748502,0.011380000006907327,0.00275310197167921,0.040189970543817795,0.149,6579,129,hr_own_quarter,3,quarter
0.020139839190723336,0.011028148077170749,0.0020001498274311268,0.03827952855401555,0.158,6528,128,hr_own_quarter,4,quarter
0.027459952483514644,0.01734449732441346,-0.0010692068481969325,0.05598911181522622,0.145,6477,127,hr_own_quarter,5,quarter
0.018282868933115513,0.014352682140764723,-0.005325192342602959,0.041890930208833985,0.271,6426,126,hr_own_quarter,6,quarter
0.011213162945974013,0.012496832096565713,-0.009342296653465667,0.0317686225454137,0.467,6375,125,hr_own_quarter,7,quarter
0.010911886353002657,0.010528034087983858,-0.006405188701286323,0.028228961407291638,0.513,6324,124,hr_own_quarter,8,quarter
0.024496501855730927,0.017707150264230177,-0.0046291684793627955,0.05362217219082465,0.211,6273,123,hr_own_quarter,9,quarter
0.008583829373998847,0.010408176002876308,-0.008536096674281523,0.025703755422279217,0.612,6222,122,hr_own_quarter,10,quarter
0.006581232208852844,0.012410288316815187,-0.013831875540574096,0.026994339958279785,0.679,6171,121,hr_own_quarter,11,quarter
0.004161308075265549,0.011915965039331834,-0.015438710238306355,0.023761326388837455,0.765,6120,120,hr_own_quarter,12,quarter
0.010017491569969294,0.006774876146064931,-0.0011261880310326176,0.021161171170971205,0.673,6732,12,sw_own_base,0,district
0.0031512999325975346,0.01766946573139422,-0.02591238486198099,0.03221498472717606,0.736,6681,12,sw_own_base,1,district
0.016522605394164648,0.013849021425862045,-0.006257007727893182,0.03930221851622248,0.166,6630,12,sw_own_base,2,district
0.022076576682764408,0.014802447487044448,-0.0022712827540593526,0.04642443611958817,0.139,6579,12,sw_own_base,3,district
0.022816021396044387,0.01478020711033557,-0.0014952558764850105,0.047127298668573785,0.092,6528,12,sw_own_base,4,district
0.028247201008988625,0.015779442395617547,0.002292327953285281,0.05420207406469197,0.141,6477,12,sw_own_base,5,district
0.020567370835601992,0.014566065557543851,-0.003391674927136927,0.04452641659834091,0.157,6426,12,sw_own_base,6,district
0.018294272255314114,0.013809667894615322,-0.004420610068139198,0.04100915457876743,0.186,6375,12,sw_own_base,7,district
0.02464751414624478,0.012696228806382314,0.003764076145461072,0.045530952147028486,0.172,6324,12,sw_own_base,8,district
0.03961791910447534,0.01838120239918654,0.00938353167044426,0.06985230653850642,0.158,6273,12,sw_own_base,9,district
0.02785886449978244,0.011622383028048706,0.008741745622277298,0.04697598337728759,0.102,6222,12,sw_own_base,10,district
0.026633135626532176,0.01058744420700843,0.009218339622488012,0.04404793163057634,0.087,6171,12,sw_own_base,11,district
0.024754319442376688,0.011335410743548465,0.006109227967866313,0.043399410916887066,0.08,6120,12,sw_own_base,12,district
0.012068234753876831,0.00488843625799691,0.004027472644789533,0.020108996862964128,0.324,6732,12,sw_hr_own,0,district
0.004988842557748153,0.010192575601637433,-0.01177645238858226,0.021754137504078567,0.712,6681,12,sw_hr_own,1,district
0.019171841356330356,0.009820069363900749,0.003019264646203175,0.03532441806645754,0.155,6630,12,sw_hr_own,2,district
0.020485716323483907,0.010857511502867819,0.0026266991483244496,0.03834473349864337,0.306,6579,12,sw_hr_own,3,district
0.019215161295822587,0.01052181410637373,0.001908317200844594,0.03652200539080058,0.23,6528,12,sw_hr_own,4,district
0.026199187150878583,0.0165481616078186,-0.0010201164891209431,0.05341849079087811,0.055,6477,12,sw_hr_own,5,district
0.017443449879282917,0.013693709257097685,-0.005080697458673157,0.03996759721723899,0.113,6426,12,sw_hr_own,6,district
0.010698334410856469,0.011923066621749872,-0.00891336496631284,0.030310033788025777,0.408,6375,12,sw_hr_own,7,district
0.010410890292073887,0.01004466178765268,-0.00611110808084748,0.026932888664995255,0.517,6324,12,sw_hr_own,8,district
0.023371797057749045,0.016894164108980193,-0.004416630051220408,0.0511602241667185,0.13,6273,12,sw_hr_own,9,district
0.008189721099321477,0.009930306731679306,-0.008144179945021845,0.024523622143664797,0.616,6222,12,sw_hr_own,10,district
0.0062790689250696525,0.011840496315636266,-0.013196814384610202,0.025754952234749506,0.692,6171,12,sw_hr_own,11,district
0.003970250462807404,0.011368868840403118,-0.01472987468366524,0.02267037560928005,0.683,6120,12,sw_hr_own,12,district
-0.004522290107303971,0.013905659871137845,-0.027395065181498597,0.01835048496689065,0.875,6732,12,sw_hr_loo,0,district
-0.0025424486134335528,0.01722755587953331,-0.030879256385393072,0.025794359158525966,0.834,6681,12,sw_hr_loo,1,district
-0.00676400594992227,0.0215790100499154,-0.04225831889654788,0.028730306996703342,0.462,6630,12,sw_hr_loo,2,district
0.0018177551345007752,0.020081080604408507,-0.03121268313076541,0.03484819339976696,0.914,6579,12,sw_hr_loo,3,district
0.006124966455408054,0.01876205280234298,-0.02473586414558083,0.03698579705639694,0.736,6528,12,sw_hr_loo,4,district
0.002863031592980494,0.01819280380847249,-0.027061467735802036,0.03278753092176302,0.777,6477,12,sw_hr_loo,5,district
0.0013894558989827421,0.01684822003198423,-0.02632339992830296,0.029102311726268447,0.899,6426,12,sw_hr_loo,6,district
0.004969226296655189,0.015025585118840145,-0.019745661883137085,0.029684114476447466,0.686,6375,12,sw_hr_loo,7,district
0.020860992488327495,0.014954220034013447,-0.0037365105728498875,0.045458495549504874,0.351,6324,12,sw_hr_loo,8,district
0.023995059147913445,0.016020204524906007,-0.0023558323693825857,0.05034595066520947,0.245,6273,12,sw_hr_loo,9,district
0.03084471927892315,0.01798104967369483,0.0012685245067516268,0.060420914051094676,0.163,6222,12,sw_hr_loo,10,district
0.03220197534542603,0.020373512554081034,-0.0013094706728955102,0.06571342136374757,0.029,6171,12,sw_hr_loo,11,district
0.03422165057680773,0.019927250095374764,0.0014442409822614868,0.06699906017135399,0.039,6120,12,sw_hr_loo,12,district
0.005198367315184326,0.005939345811595086,-0.004570987184736885,0.014967721815105538,0.391,6732,12,hr_unc_district,0,district
0.001876394115431524,0.008712565995618132,-0.012454501662515022,0.01620728989337807,0.696,6681,12,hr_unc_district,1,district
0.010570870763967146,0.010680642585721352,-0.00699722293132897,0.028138964459263262,0.049,6630,12,hr_unc_district,2,district
0.015063699177997271,0.012966107091681936,-0.006263649099196961,0.036391047455191505,0.069,6579,12,hr_unc_district,3,district
0.015613871246113496,0.012578595241783065,-0.005076076759287906,0.03630381925151489,0.008,6528,12,hr_unc_district,4,district
0.015972786191758397,0.012827615890665693,-0.005126764331143403,0.037072336714660196,0.014,6477,12,hr_unc_district,5,district
0.011452166408352355,0.013922328603909774,-0.01144802629139886,0.03435235910810357,0.086,6426,12,hr_unc_district,6,district
0.022138188347765403,0.01864765249180085,-0.00853447048750388,0.052810847183034686,0.05,6375,12,hr_unc_district,7,district
0.009617868363995818,0.01465219717344536,-0.014482851299553887,0.03371858802754552,0.324,6324,12,hr_unc_district,8,district
0.003960284454906317,0.013360842635604305,-0.018016346013395287,0.025936914923207925,0.703,6273,12,hr_unc_district,9,district
0.00706380993758224,0.014225906519239065,-0.01633572399726073,0.030463343872425205,0.579,6222,12,hr_unc_district,10,district
0.011049606502884184,0.01562875361441957,-0.01465740556452477,0.03675661857029314,0.509,6171,12,hr_unc_district,11,district
0.007135757075126901,0.016318184244579093,-0.019705267464831384,0.03397678161508519,0.505,6120,12,hr_unc_district,12,district
0.01087812740377037,0.005799970165470903,0.0013380254408852255,0.020418229366655515,0.628,6732,12,hr_sent_district,0,district
0.004006713514464766,0.017575272739472167,-0.02490203759571736,0.032915464624646895,0.75,6681,12,hr_sent_district,1,district
0.013916921488867359,0.015731238412194593,-0.011958663069869233,0.039792506047603954,0.151,6630,12,hr_sent_district,2,district
0.018562622627179236,0.01603475874554686,-0.007812208452725351,0.044937453707083824,0.118,6579,12,hr_sent_district,3,district
0.021412616155053354,0.01538767786435759,-0.003897861590496106,0.046723093900602815,0.095,6528,12,hr_sent_district,4,district
0.026428607639591508,0.016287171817802995,-0.0003614059977035469,0.05321862127688656,0.093,6477,12,hr_sent_district,5,district
0.02044207808905964,0.015827340429692697,-0.005591580221716061,0.04647573639983534,0.144,6426,12,hr_sent_district,6,district
0.01493633702709591,0.013684418480832336,-0.00757252834382291,0.03744520239801473,0.236,6375,12,hr_sent_district,7,district
0.025681202456548653,0.01327869297422599,0.0038396961567180067,0.0475227087563793,0.185,6324,12,hr_sent_district,8,district
0.0432105170960649,0.01882457748404209,0.012246842545609257,0.07417419164652055,0.166,6273,12,hr_sent_district,9,district
0.029679279520918155,0.01142431335729661,0.01088795625973868,0.04847060278209763,0.102,6222,12,hr_sent_district,10,district
0.026922583768229934,0.009998580468216561,0.010476382420717776,0.04336878511574209,0.096,6171,12,hr_sent_district,11,district
0.025681392697356902,0.010560131593362533,0.008311521944929713,0.04305126344978409,0.089,6120,12,hr_sent_district,12,district
0.005198367315184326,0.005939345811595086,-0.004570987184736885,0.014967721815105538,0.505,6732,132,hr_unc_quarter,0,quarter
0.001876394115431524,0.008712565995618132,-0.012454501662515022,0.01620728989337807,0.838,6681,131,hr_unc_quarter,1,quarter
0.010570870763967146,0.010680642585721352,-0.00699722293132897,0.028138964459263262,0.426,6630,130,hr_unc_quarter,2,quarter
0.015063699177997271,0.012966107091681936,-0.006263649099196961,0.036391047455191505,0.314,6579,129,hr_unc_quarter,3,quarter
0.015613871246113496,0.012578595241783065,-0.005076076759287906,0.03630381925151489,0.304,6528,128,hr_unc_quarter,4,quarter
0.015972786191758397,0.012827615890665693,-0.005126764331143403,0.037072336714660196,0.298,6477,127,hr_unc_quarter,5,quarter
0.011452166408352355,0.013922328603909774,-0.01144802629139886,0.03435235910810357,0.465,6426,126,hr_unc_quarter,6,quarter
0.022138188347765403,0.01864765249180085,-0.00853447048750388,0.052810847183034686,0.256,6375,125,hr_unc_quarter,7,quarter
0.009617868363995818,0.01465219717344536,-0.014482851299553887,0.03371858802754552,0.537,6324,124,hr_unc_quarter,8,quarter
0.003960284454906317,0.013360842635604305,-0.018016346013395287,0.025936914923207925,0.8,6273,123,hr_unc_quarter,9,quarter
0.00706380993758224,0.014225906519239065,-0.01633572399726073,0.030463343872425205,0.64,6222,122,hr_unc_quarter,10,quarter
0.011049606502884184,0.01562875361441957,-0.01465740556452477,0.03675661857029314,0.494,6171,121,hr_unc_quarter,11,quarter
0.007135757075126901,0.016318184244579093,-0.019705267464831384,0.03397678161508519,0.681,6120,120,hr_unc_quarter,12,quarter
0.01087812740377037,0.005799970165470903,0.0013380254408852255,0.020418229366655515,0.111,6732,132,hr_sent_quarter,0,quarter
0.004006713514464766,0.017575272739472167,-0.02490203759571736,0.032915464624646895,0.848,6681,131,hr_sent_quarter,1,quarter
0.013916921488867359,0.015731238412194593,-0.011958663069869233,0.039792506047603954,0.46,6630,130,hr_sent_quarter,2,quarter
0.018562622627179236,0.01603475874554686,-0.007812208452725351,0.044937453707083824,0.32,6579,129,hr_sent_quarter,3,quarter
0.021412616155053354,0.01538767786435759,-0.003897861590496106,0.046723093900602815,0.233,6528,128,hr_sent_quarter,4,quarter
0.026428607639591508,0.016287171817802995,-0.0003614059977035469,0.05321862127688656,0.179,6477,127,hr_sent_quarter,5,quarter
0.02044207808905964,0.015827340429692697,-0.005591580221716061,0.04647573639983534,0.251,6426,126,hr_sent_quarter,6,quarter
0.01493633702709591,0.013684418480832336,-0.00757252834382291,0.03744520239801473,0.401,6375,125,hr_sent_quarter,7,quarter
0.025681202456548653,0.01327869297422599,0.0038396961567180067,0.0475227087563793,0.263,6324,124,hr_sent_quarter,8,quarter
0.0432105170960649,0.01882457748404209,0.012246842545609257,0.07417419164652055,0.048,6273,123,hr_sent_quarter,9,quarter
0.029679279520918155,0.01142431335729661,0.01088795625973868,0.04847060278209763,0.117,6222,122,hr_sent_quarter,10,quarter
0.026922583768229934,0.009998580468216561,0.010476382420717776,0.04336878511574209,0.11,6171,121,hr_sent_quarter,11,quarter
0.025681392697356902,0.010560131593362533,0.008311521944929713,0.04305126344978409,0.112,6120,120,hr_sent_quarter,12,quarter
-0.0006493788692186241,0.013653475402869944,-0.02310734740612196,0.021808589667684713,0.993963782696177,6732,12,loo_alone_twoway,0,twoway
-0.001153502777713622,0.020782554733967888,-0.03533776330919819,0.03303075775377094,0.9899888765294772,6681,12,loo_alone_twoway,1,twoway
0.00045664746485378174,0.02192525309733526,-0.03560718461412711,0.03652047954383468,0.9918032786885246,6630,12,loo_alone_twoway,2,twoway
0.008983316078524466,0.02099293943708901,-0.02554699649494398,0.04351362865199292,0.7409988385598142,6579,12,loo_alone_twoway,3,twoway
0.01324448189860889,0.01952450091605945,-0.018870464247588835,0.04535942804480662,0.633578431372549,6528,12,loo_alone_twoway,4,twoway
0.012307128982079335,0.017025666315881906,-0.015697600008864523,0.040311857973023196,0.6065959952885748,6477,12,loo_alone_twoway,5,twoway
0.007999354407912123,0.015743896582470336,-0.017897050988113096,0.03389575980393734,0.7320574162679426,6426,12,loo_alone_twoway,6,twoway
0.008093823257145069,0.014495803986659343,-0.015749652505889156,0.03193729902017929,0.7628865979381443,6375,12,loo_alone_twoway,7,twoway
0.024997997040871918,0.014464522809863429,0.0012059742349457593,0.04879001984679808,0.424090338770389,6324,12,loo_alone_twoway,8,twoway
0.03244143702056259,0.01529694268236333,0.007280205368208489,0.05760266867291669,0.29595827900912647,6273,12,loo_alone_twoway,9,twoway
0.03373366815180652,0.016483579754380463,0.006620592207669963,0.06084674409594308,0.29528535980148884,6222,12,loo_alone_twoway,10,twoway
0.034096091388092,0.017724582752872167,0.004941747160828708,0.06325043561535529,0.27564894932014833,6171,12,loo_alone_twoway,11,twoway
0.03538062918288414,0.018328461828364513,0.0052329922680571656,0.06552826609771112,0.2430806257521059,6120,12,loo_alone_twoway,12,twoway
-0.004532357436112253,0.01393661605636643,-0.027456050903856694,0.01839133603163219,0.966900702106319,6732,12,hr_loo_twoway,0,twoway
-0.0025481085037904532,0.017265907127570788,-0.030947998465182536,0.025851781457601627,0.9580573951434879,6681,12,hr_loo_twoway,1,twoway
-0.006779063690656157,0.021627048319105485,-0.04235239255859155,0.028794265177279232,0.8070588235294117,6630,12,hr_loo_twoway,2,twoway
0.0018218017432317006,0.020125784247136794,-0.03128216747091405,0.03492577095737746,0.9520089285714286,6579,12,hr_loo_twoway,3,twoway
0.0061386015937524175,0.018803820081796128,-0.02479093006833287,0.0370681332558377,0.8296892980437284,6528,12,hr_loo_twoway,4,twoway
0.0028694051514544716,0.01823330385016353,-0.02712171081779525,0.03286052112070419,0.9198266522210184,6477,12,hr_loo_twoway,5,twoway
0.0013925490462748872,0.01688572681878294,-0.026381999955311975,0.029167098047861748,0.9553376906318083,6426,12,hr_loo_twoway,6,twoway
0.004980288575691769,0.01505903443375344,-0.019789618831054685,0.02975019598243822,0.8405627198124267,6375,12,hr_loo_twoway,7,twoway
0.02090743233753306,0.014987510479027364,-0.003744828632868291,0.04555969330793441,0.5345622119815668,6324,12,hr_loo_twoway,8,twoway
0.024048475922265625,0.016055868018998987,-0.0023610768226390057,0.05045802866717025,0.4349355216881594,6273,12,hr_loo_twoway,9,twoway
0.03091338447368342,0.018021078317388237,0.0012713484417508497,0.06055542050561599,0.40933767643865365,6222,12,hr_loo_twoway,10,twoway
0.03227366200558852,0.020418867196307706,-0.0013123857604986494,0.06585970977167568,0.37193763919821826,6171,12,hr_loo_twoway,11,twoway
0.03429783335158447,0.019971611287203508,0.001447456089762822,0.06714821061340612,0.2931995540691193,6120,12,hr_loo_twoway,12,twoway
0.012648986054143458,0.005123679089363817,0.00422128392066797,0.021076688187618944,0.3435374149659864,6732,12,hr_own_twoway,0,twoway
0.005228917171917117,0.01068306585596529,-0.012343162448228822,0.022800996792063058,0.6910401647785788,6681,12,hr_own_twoway,1,twoway
0.02009443459579474,0.010292633758619893,0.0031645586270456494,0.03702431056454383,0.2112970711297071,6630,12,hr_own_twoway,2,twoway
0.021471536257748502,0.011380000006907327,0.00275310197167921,0.040189970543817795,0.3208502024291498,6579,12,hr_own_twoway,3,twoway
0.020139839190723336,0.011028148077170749,0.0020001498274311268,0.03827952855401555,0.18676627534685167,6528,12,hr_own_twoway,4,twoway
0.027459952483514644,0.01734449732441346,-0.0010692068481969325,0.05598911181522622,0.027466937945066123,6477,12,hr_own_twoway,5,twoway
0.018282868933115513,0.014352682140764723,-0.005325192342602959,0.041890930208833985,0.1590678824721378,6426,12,hr_own_twoway,6,twoway
0.011213162945974013,0.012496832096565713,-0.009342296653465667,0.0317686225454137,0.5,6375,12,hr_own_twoway,7,twoway
0.010911886353002657,0.010528034087983858,-0.006405188701286323,0.028228961407291638,0.617989417989418,6324,12,hr_own_twoway,8,twoway
0.024496501855730927,0.017707150264230177,-0.0046291684793627955,0.05362217219082465,0.1967741935483871,6273,12,hr_own_twoway,9,twoway
0.008583829373998847,0.010408176002876308,-0.008536096674281523,0.025703755422279217,0.6115618661257607,6222,12,hr_own_twoway,10,twoway
0.006581232208852844,0.012410288316815187,-0.013831875540574096,0.026994339958279785,0.6578680203045685,6171,12,hr_own_twoway,11,twoway
0.004161308075265549,0.011915965039331834,-0.015438710238306355,0.023761326388837455,0.44479166666666664,6120,12,hr_own_twoway,12,twoway
0.005198367315184326,0.005939345811595086,-0.004570987184736885,0.014967721815105538,0.4221525600835946,6732,12,hr_unc_twoway,0,twoway
0.001876394115431524,0.008712565995618132,-0.012454501662515022,0.01620728989337807,0.749730312837109,6681,12,hr_unc_twoway,1,twoway
0.010570870763967146,0.010680642585721352,-0.00699722293132897,0.028138964459263262,0.19958847736625515,6630,12,hr_unc_twoway,2,twoway
0.015063699177997271,0.012966107091681936,-0.006263649099196961,0.036391047455191505,0.19207317073170732,6579,12,hr_unc_twoway,3,twoway
0.015613871246113496,0.012578595241783065,-0.005076076759287906,0.03630381925151489,0.11616161616161616,6528,12,hr_unc_twoway,4,twoway
0.015972786191758397,0.012827615890665693,-0.005126764331143403,0.037072336714660196,0.14185110663983905,6477,12,hr_unc_twoway,5,twoway
0.011452166408352355,0.013922328603909774,-0.01144802629139886,0.03435235910810357,0.2776659959758551,6426,12,hr_unc_twoway,6,twoway
0.022138188347765403,0.01864765249180085,-0.00853447048750388,0.052810847183034686,0.22399150743099788,6375,12,hr_unc_twoway,7,twoway
0.009617868363995818,0.01465219717344536,-0.014482851299553887,0.03371858802754552,0.5092213114754098,6324,12,hr_unc_twoway,8,twoway
0.003960284454906317,0.013360842635604305,-0.018016346013395287,0.025936914923207925,0.8177189409368636,6273,12,hr_unc_twoway,9,twoway
0.00706380993758224,0.014225906519239065,-0.01633572399726073,0.030463343872425205,0.604887983706721,6222,12,hr_unc_twoway,10,twoway
0.011049606502884184,0.01562875361441957,-0.01465740556452477,0.03675661857029314,0.5100806451612904,6171,12,hr_unc_twoway,11,twoway
0.007135757075126901,0.016318184244579093,-0.019705267464831384,0.03397678161508519,0.5819672131147541,6120,12,hr_unc_twoway,12,twoway
0.01087812740377037,0.005799970165470903,0.0013380254408852255,0.020418229366655515,0.44285714285714284,6732,12,hr_sent_twoway,0,twoway
0.004006713514464766,0.017575272739472167,-0.02490203759571736,0.032915464624646895,0.8213891951488423,6681,12,hr_sent_twoway,1,twoway
0.013916921488867359,0.015731238412194593,-0.011958663069869233,0.039792506047603954,0.4101731601731602,6630,12,hr_sent_twoway,2,twoway
0.018562622627179236,0.01603475874554686,-0.007812208452725351,0.044937453707083824,0.27824267782426776,6579,12,hr_sent_twoway,3,twoway
0.021412616155053354,0.01538767786435759,-0.003897861590496106,0.046723093900602815,0.14389233954451347,6528,12,hr_sent_twoway,4,twoway
0.026428607639591508,0.016287171817802995,-0.0003614059977035469,0.05321862127688656,0.12755102040816327,6477,12,hr_sent_twoway,5,twoway
0.02044207808905964,0.015827340429692697,-0.005591580221716061,0.04647573639983534,0.1548856548856549,6426,12,hr_sent_twoway,6,twoway
0.01493633702709591,0.013684418480832336,-0.00757252834382291,0.03744520239801473,0.3627556512378902,6375,12,hr_sent_twoway,7,twoway
0.025681202456548653,0.01327869297422599,0.0038396961567180067,0.0475227087563793,0.19854721549636803,6324,12,hr_sent_twoway,8,twoway
0.0432105170960649,0.01882457748404209,0.012246842545609257,0.07417419164652055,0.04455445544554455,6273,12,hr_sent_twoway,9,twoway
0.029679279520918155,0.01142431335729661,0.01088795625973868,0.04847060278209763,0.03117782909930716,6222,12,hr_sent_twoway,10,twoway
0.026922583768229934,0.009998580468216561,0.010476382420717776,0.04336878511574209,,6171,12,hr_sent_twoway,11,twoway
0.025681392697356902,0.010560131593362533,0.008311521944929713,0.04305126344978409,,6120,12,hr_sent_twoway,12,twoway
