state,date,layoff_events
AK,1998-01-01,9.0
AK,1998-04-01,14.0
AK,1998-07-01,0.0
AK,1998-10-01,11.0
AK,1999-01-01,9.0
AK,1999-04-01,15.0
AK,1999-07-01,0.0
AK,1999-10-01,8.0
AK,2000-01-01,3.0
AK,2000-04-01,5.0
AK,2000-07-01,3.0
AK,2000-10-01,13.0
AK,2001-01-01,5.0
AK,2001-04-01,7.0
AK,2001-07-01,0.0
AK,2001-10-01,13.0
AK,2002-01-01,7.0
AK,2002-04-01,8.0
AK,2002-07-01,0.0
AK,2002-10-01,14.0
AK,2003-01-01,7.0
AK,2003-04-01,10.0
AK,2003-07-01,3.0
AK,2003-10-01,12.0
AK,2004-01-01,6.0
AK,2004-04-01,9.0
AK,2004-07-01,0.0
AK,2004-10-01,12.0
AK,2005-01-01,3.0
AK,2005-04-01,5.0
AK,2005-07-01,3.0
AK,2005-10-01,8.0
AK,2006-01-01,0.0
AK,2006-04-01,9.0
AK,2006-07-01,3.0
AK,2006-10-01,13.0
AK,2007-01-01,0.0
AK,2007-04-01,5.0
AK,2007-07-01,0.0
AK,2007-10-01,8.0
AK,2008-01-01,0.0
AK,2008-04-01,4.0
AK,2008-07-01,3.0
AK,2008-10-01,13.0
AK,2009-01-01,17.0
AK,2009-04-01,23.0
AK,2009-07-01,11.0
AK,2009-10-01,18.0
AK,2010-01-01,12.0
AK,2010-04-01,22.0
AK,2010-07-01,14.0
AK,2010-10-01,18.0
AK,2011-01-01,4.0
AK,2011-04-01,15.0
AK,2011-07-01,10.0
AK,2011-10-01,17.0
AK,2012-01-01,8.0
AK,2012-04-01,16.0
AK,2012-07-01,8.0
AK,2012-10-01,18.0
AK,2013-01-01,11.0
AL,1998-01-01,23.0
AL,1998-04-01,22.0
AL,1998-07-01,18.0
AL,1998-10-01,27.0
AL,1999-01-01,19.0
AL,1999-04-01,39.0
AL,1999-07-01,23.0
AL,1999-10-01,24.0
AL,2000-01-01,20.0
AL,2000-04-01,43.0
AL,2000-07-01,19.0
AL,2000-10-01,37.0
AL,2001-01-01,40.0
AL,2001-04-01,50.0
AL,2001-07-01,35.0
AL,2001-10-01,44.0
AL,2002-01-01,194.0
AL,2002-04-01,87.0
AL,2002-07-01,77.0
AL,2002-10-01,70.0
AL,2003-01-01,139.0
AL,2003-04-01,66.0
AL,2003-07-01,77.0
AL,2003-10-01,50.0
AL,2004-01-01,112.0
AL,2004-04-01,34.0
AL,2004-07-01,76.0
AL,2004-10-01,43.0
AL,2005-01-01,100.0
AL,2005-04-01,27.0
AL,2005-07-01,83.0
AL,2005-10-01,34.0
AL,2006-01-01,23.0
AL,2006-04-01,37.0
AL,2006-07-01,31.0
AL,2006-10-01,47.0
AL,2007-01-01,61.0
AL,2007-04-01,50.0
AL,2007-07-01,93.0
AL,2007-10-01,72.0
AL,2008-01-01,110.0
AL,2008-04-01,69.0
AL,2008-07-01,103.0
AL,2008-10-01,162.0
AL,2009-01-01,178.0
AL,2009-04-01,116.0
AL,2009-07-01,120.0
AL,2009-10-01,79.0
AL,2010-01-01,128.0
AL,2010-04-01,73.0
AL,2010-07-01,84.0
AL,2010-10-01,80.0
AL,2011-01-01,100.0
AL,2011-04-01,85.0
AL,2011-07-01,88.0
AL,2011-10-01,72.0
AL,2012-01-01,80.0
AL,2012-04-01,56.0
AL,2012-07-01,77.0
AL,2012-10-01,60.0
AL,2013-01-01,103.0
AR,1998-01-01,9.0
AR,1998-04-01,29.0
AR,1998-07-01,31.0
AR,1998-10-01,33.0
AR,1999-01-01,19.0
AR,1999-04-01,19.0
AR,1999-07-01,15.0
AR,1999-10-01,45.0
AR,2000-01-01,10.0
AR,2000-04-01,18.0
AR,2000-07-01,20.0
AR,2000-10-01,32.0
AR,2001-01-01,21.0
AR,2001-04-01,21.0
AR,2001-07-01,27.0
AR,2001-10-01,26.0
AR,2002-01-01,14.0
AR,2002-04-01,15.0
AR,2002-07-01,15.0
AR,2002-10-01,27.0
AR,2003-01-01,17.0
AR,2003-04-01,16.0
AR,2003-07-01,8.0
AR,2003-10-01,15.0
AR,2004-01-01,6.0
AR,2004-04-01,19.0
AR,2004-07-01,9.0
AR,2004-10-01,17.0
AR,2005-01-01,10.0
AR,2005-04-01,11.0
AR,2005-07-01,11.0
AR,2005-10-01,17.0
AR,2006-01-01,6.0
AR,2006-04-01,9.0
AR,2006-07-01,7.0
AR,2006-10-01,12.0
AR,2007-01-01,0.0
AR,2007-04-01,17.0
AR,2007-07-01,16.0
AR,2007-10-01,30.0
AR,2008-01-01,12.0
AR,2008-04-01,16.0
AR,2008-07-01,24.0
AR,2008-10-01,64.0
AR,2009-01-01,29.0
AR,2009-04-01,38.0
AR,2009-07-01,11.0
AR,2009-10-01,33.0
AR,2010-01-01,9.0
AR,2010-04-01,21.0
AR,2010-07-01,14.0
AR,2010-10-01,23.0
AR,2011-01-01,9.0
AR,2011-04-01,44.0
AR,2011-07-01,36.0
AR,2011-10-01,61.0
AR,2012-01-01,46.0
AR,2012-04-01,34.0
AR,2012-07-01,32.0
AR,2012-10-01,60.0
AR,2013-01-01,46.0
AZ,1998-01-01,19.0
AZ,1998-04-01,49.0
AZ,1998-07-01,23.0
AZ,1998-10-01,14.0
AZ,1999-01-01,17.0
AZ,1999-04-01,42.0
AZ,1999-07-01,25.0
AZ,1999-10-01,13.0
AZ,2000-01-01,33.0
AZ,2000-04-01,40.0
AZ,2000-07-01,16.0
AZ,2000-10-01,18.0
AZ,2001-01-01,34.0
AZ,2001-04-01,49.0
AZ,2001-07-01,39.0
AZ,2001-10-01,39.0
AZ,2002-01-01,35.0
AZ,2002-04-01,58.0
AZ,2002-07-01,44.0
AZ,2002-10-01,33.0
AZ,2003-01-01,34.0
AZ,2003-04-01,58.0
AZ,2003-07-01,34.0
AZ,2003-10-01,20.0
AZ,2004-01-01,16.0
AZ,2004-04-01,51.0
AZ,2004-07-01,24.0
AZ,2004-10-01,19.0
AZ,2005-01-01,17.0
AZ,2005-04-01,51.0
AZ,2005-07-01,22.0
AZ,2005-10-01,14.0
AZ,2006-01-01,11.0
AZ,2006-04-01,34.0
AZ,2006-07-01,14.0
AZ,2006-10-01,8.0
AZ,2007-01-01,10.0
AZ,2007-04-01,54.0
AZ,2007-07-01,18.0
AZ,2007-10-01,14.0
AZ,2008-01-01,9.0
AZ,2008-04-01,56.0
AZ,2008-07-01,30.0
AZ,2008-10-01,46.0
AZ,2009-01-01,69.0
AZ,2009-04-01,96.0
AZ,2009-07-01,52.0
AZ,2009-10-01,38.0
AZ,2010-01-01,42.0
AZ,2010-04-01,85.0
AZ,2010-07-01,27.0
AZ,2010-10-01,38.0
AZ,2011-01-01,36.0
AZ,2011-04-01,73.0
AZ,2011-07-01,37.0
AZ,2011-10-01,32.0
AZ,2012-01-01,31.0
AZ,2012-04-01,57.0
AZ,2012-07-01,36.0
AZ,2012-10-01,26.0
AZ,2013-01-01,21.0
CA,1998-01-01,1611.0
CA,1998-04-01,1253.0
CA,1998-07-01,1182.0
CA,1998-10-01,1835.0
CA,1999-01-01,1679.0
CA,1999-04-01,1097.0
CA,1999-07-01,1019.0
CA,1999-10-01,1547.0
CA,2000-01-01,1471.0
CA,2000-04-01,1159.0
CA,2000-07-01,961.0
CA,2000-10-01,1417.0
CA,2001-01-01,1522.0
CA,2001-04-01,1491.0
CA,2001-07-01,1428.0
CA,2001-10-01,1704.0
CA,2002-01-01,1489.0
CA,2002-04-01,1460.0
CA,2002-07-01,1336.0
CA,2002-10-01,1760.0
CA,2003-01-01,1541.0
CA,2003-04-01,1483.0
CA,2003-07-01,1245.0
CA,2003-10-01,1382.0
CA,2004-01-01,1282.0
CA,2004-04-01,1150.0
CA,2004-07-01,996.0
CA,2004-10-01,1119.0
CA,2005-01-01,1197.0
CA,2005-04-01,992.0
CA,2005-07-01,883.0
CA,2005-10-01,1032.0
CA,2006-01-01,875.0
CA,2006-04-01,941.0
CA,2006-07-01,849.0
CA,2006-10-01,1037.0
CA,2007-01-01,998.0
CA,2007-04-01,1000.0
CA,2007-07-01,927.0
CA,2007-10-01,1205.0
CA,2008-01-01,1180.0
CA,2008-04-01,1219.0
CA,2008-07-01,1257.0
CA,2008-10-01,1747.0
CA,2009-01-01,1664.0
CA,2009-04-01,1768.0
CA,2009-07-01,1547.0
CA,2009-10-01,1398.0
CA,2010-01-01,1241.0
CA,2010-04-01,1412.0
CA,2010-07-01,1109.0
CA,2010-10-01,1348.0
CA,2011-01-01,1109.0
CA,2011-04-01,1095.0
CA,2011-07-01,1119.0
CA,2011-10-01,1055.0
CA,2012-01-01,886.0
CA,2012-04-01,1187.0
CA,2012-07-01,801.0
CA,2012-10-01,1209.0
CA,2013-01-01,952.0
CO,1998-01-01,16.0
CO,1998-04-01,12.0
CO,1998-07-01,8.0
CO,1998-10-01,33.0
CO,1999-01-01,17.0
CO,1999-04-01,19.0
CO,1999-07-01,6.0
CO,1999-10-01,27.0
CO,2000-01-01,16.0
CO,2000-04-01,14.0
CO,2000-07-01,3.0
CO,2000-10-01,24.0
CO,2001-01-01,20.0
CO,2001-04-01,39.0
CO,2001-07-01,25.0
CO,2001-10-01,59.0
CO,2002-01-01,33.0
CO,2002-04-01,23.0
CO,2002-07-01,28.0
CO,2002-10-01,42.0
CO,2003-01-01,31.0
CO,2003-04-01,32.0
CO,2003-07-01,7.0
CO,2003-10-01,26.0
CO,2004-01-01,16.0
CO,2004-04-01,19.0
CO,2004-07-01,6.0
CO,2004-10-01,30.0
CO,2005-01-01,17.0
CO,2005-04-01,14.0
CO,2005-07-01,8.0
CO,2005-10-01,29.0
CO,2006-01-01,8.0
CO,2006-04-01,15.0
CO,2006-07-01,8.0
CO,2006-10-01,30.0
CO,2007-01-01,15.0
CO,2007-04-01,24.0
CO,2007-07-01,6.0
CO,2007-10-01,30.0
CO,2008-01-01,17.0
CO,2008-04-01,16.0
CO,2008-07-01,10.0
CO,2008-10-01,50.0
CO,2009-01-01,52.0
CO,2009-04-01,45.0
CO,2009-07-01,34.0
CO,2009-10-01,57.0
CO,2010-01-01,30.0
CO,2010-04-01,44.0
CO,2010-07-01,31.0
CO,2010-10-01,48.0
CO,2011-01-01,20.0
CO,2011-04-01,34.0
CO,2011-07-01,21.0
CO,2011-10-01,39.0
CO,2012-01-01,20.0
CO,2012-04-01,34.0
CO,2012-07-01,17.0
CO,2012-10-01,33.0
CO,2013-01-01,15.0
CT,1998-01-01,8.0
CT,1998-04-01,9.0
CT,1998-07-01,6.0
CT,1998-10-01,5.0
CT,1999-01-01,7.0
CT,1999-04-01,11.0
CT,1999-07-01,7.0
CT,1999-10-01,3.0
CT,2000-01-01,10.0
CT,2000-04-01,15.0
CT,2000-07-01,5.0
CT,2000-10-01,10.0
CT,2001-01-01,11.0
CT,2001-04-01,27.0
CT,2001-07-01,6.0
CT,2001-10-01,24.0
CT,2002-01-01,9.0
CT,2002-04-01,23.0
CT,2002-07-01,14.0
CT,2002-10-01,21.0
CT,2003-01-01,24.0
CT,2003-04-01,17.0
CT,2003-07-01,19.0
CT,2003-10-01,20.0
CT,2004-01-01,12.0
CT,2004-04-01,21.0
CT,2004-07-01,4.0
CT,2004-10-01,5.0
CT,2005-01-01,7.0
CT,2005-04-01,19.0
CT,2005-07-01,14.0
CT,2005-10-01,12.0
CT,2006-01-01,9.0
CT,2006-04-01,28.0
CT,2006-07-01,12.0
CT,2006-10-01,7.0
CT,2007-01-01,11.0
CT,2007-04-01,17.0
CT,2007-07-01,5.0
CT,2007-10-01,10.0
CT,2008-01-01,0.0
CT,2008-04-01,27.0
CT,2008-07-01,16.0
CT,2008-10-01,17.0
CT,2009-01-01,37.0
CT,2009-04-01,43.0
CT,2009-07-01,23.0
CT,2009-10-01,22.0
CT,2010-01-01,19.0
CT,2010-04-01,30.0
CT,2010-07-01,21.0
CT,2010-10-01,23.0
CT,2011-01-01,20.0
CT,2011-04-01,31.0
CT,2011-07-01,15.0
CT,2011-10-01,22.0
CT,2012-01-01,13.0
CT,2012-04-01,32.0
CT,2012-07-01,22.0
CT,2012-10-01,20.0
CT,2013-01-01,26.0
DC,1998-01-01,5.0
DC,1998-04-01,0.0
DC,1998-07-01,0.0
DC,1998-10-01,4.0
DC,1999-01-01,4.0
DC,1999-04-01,6.0
DC,1999-07-01,0.0
DC,1999-10-01,5.0
DC,2000-01-01,3.0
DC,2000-04-01,0.0
DC,2000-07-01,0.0
DC,2000-10-01,3.0
DC,2001-01-01,7.0
DC,2001-04-01,4.0
DC,2001-07-01,5.0
DC,2001-10-01,0.0
DC,2002-01-01,3.0
DC,2002-04-01,0.0
DC,2002-07-01,0.0
DC,2002-10-01,0.0
DC,2003-01-01,4.0
DC,2003-04-01,0.0
DC,2003-07-01,0.0
DC,2003-10-01,4.0
DC,2004-01-01,0.0
DC,2004-04-01,0.0
DC,2004-07-01,3.0
DC,2004-10-01,0.0
DC,2005-01-01,0.0
DC,2005-04-01,0.0
DC,2005-07-01,0.0
DC,2005-10-01,0.0
DC,2006-01-01,0.0
DC,2006-04-01,0.0
DC,2006-07-01,0.0
DC,2006-10-01,0.0
DC,2007-01-01,0.0
DC,2007-04-01,0.0
DC,2007-07-01,0.0
DC,2007-10-01,0.0
DC,2008-01-01,0.0
DC,2008-04-01,3.0
DC,2008-07-01,0.0
DC,2008-10-01,0.0
DC,2009-01-01,0.0
DC,2009-04-01,3.0
DC,2009-07-01,0.0
DC,2009-10-01,4.0
DC,2010-01-01,0.0
DC,2010-04-01,4.0
DC,2010-07-01,0.0
DC,2010-10-01,0.0
DC,2011-01-01,4.0
DC,2011-04-01,5.0
DC,2011-07-01,0.0
DC,2011-10-01,0.0
DC,2012-01-01,4.0
DC,2012-04-01,6.0
DC,2012-07-01,0.0
DC,2012-10-01,0.0
DC,2013-01-01,3.0
DE,1998-01-01,3.0
DE,1998-04-01,3.0
DE,1998-07-01,0.0
DE,1998-10-01,0.0
DE,1999-01-01,3.0
DE,1999-04-01,0.0
DE,1999-07-01,0.0
DE,1999-10-01,0.0
DE,2000-01-01,3.0
DE,2000-04-01,0.0
DE,2000-07-01,0.0
DE,2000-10-01,3.0
DE,2001-01-01,0.0
DE,2001-04-01,3.0
DE,2001-07-01,6.0
DE,2001-10-01,12.0
DE,2002-01-01,4.0
DE,2002-04-01,3.0
DE,2002-07-01,4.0
DE,2002-10-01,0.0
DE,2003-01-01,0.0
DE,2003-04-01,7.0
DE,2003-07-01,6.0
DE,2003-10-01,0.0
DE,2004-01-01,0.0
DE,2004-04-01,7.0
DE,2004-07-01,0.0
DE,2004-10-01,0.0
DE,2005-01-01,0.0
DE,2005-04-01,4.0
DE,2005-07-01,0.0
DE,2005-10-01,0.0
DE,2006-01-01,0.0
DE,2006-04-01,0.0
DE,2006-07-01,0.0
DE,2006-10-01,0.0
DE,2007-01-01,0.0
DE,2007-04-01,3.0
DE,2007-07-01,0.0
DE,2007-10-01,7.0
DE,2008-01-01,4.0
DE,2008-04-01,9.0
DE,2008-07-01,3.0
DE,2008-10-01,14.0
DE,2009-01-01,13.0
DE,2009-04-01,22.0
DE,2009-07-01,5.0
DE,2009-10-01,14.0
DE,2010-01-01,9.0
DE,2010-04-01,18.0
DE,2010-07-01,3.0
DE,2010-10-01,14.0
DE,2011-01-01,8.0
DE,2011-04-01,19.0
DE,2011-07-01,3.0
DE,2011-10-01,9.0
DE,2012-01-01,4.0
DE,2012-04-01,11.0
DE,2012-07-01,0.0
DE,2012-10-01,9.0
DE,2013-01-01,0.0
FL,1998-01-01,120.0
FL,1998-04-01,217.0
FL,1998-07-01,131.0
FL,1998-10-01,111.0
FL,1999-01-01,118.0
FL,1999-04-01,184.0
FL,1999-07-01,118.0
FL,1999-10-01,83.0
FL,2000-01-01,85.0
FL,2000-04-01,182.0
FL,2000-07-01,126.0
FL,2000-10-01,132.0
FL,2001-01-01,155.0
FL,2001-04-01,214.0
FL,2001-07-01,226.0
FL,2001-10-01,275.0
FL,2002-01-01,228.0
FL,2002-04-01,275.0
FL,2002-07-01,219.0
FL,2002-10-01,214.0
FL,2003-01-01,202.0
FL,2003-04-01,281.0
FL,2003-07-01,199.0
FL,2003-10-01,184.0
FL,2004-01-01,163.0
FL,2004-04-01,229.0
FL,2004-07-01,254.0
FL,2004-10-01,230.0
FL,2005-01-01,134.0
FL,2005-04-01,208.0
FL,2005-07-01,161.0
FL,2005-10-01,197.0
FL,2006-01-01,104.0
FL,2006-04-01,174.0
FL,2006-07-01,167.0
FL,2006-10-01,148.0
FL,2007-01-01,150.0
FL,2007-04-01,235.0
FL,2007-07-01,196.0
FL,2007-10-01,214.0
FL,2008-01-01,235.0
FL,2008-04-01,322.0
FL,2008-07-01,345.0
FL,2008-10-01,431.0
FL,2009-01-01,497.0
FL,2009-04-01,515.0
FL,2009-07-01,387.0
FL,2009-10-01,349.0
FL,2010-01-01,296.0
FL,2010-04-01,345.0
FL,2010-07-01,321.0
FL,2010-10-01,269.0
FL,2011-01-01,269.0
FL,2011-04-01,314.0
FL,2011-07-01,294.0
FL,2011-10-01,214.0
FL,2012-01-01,207.0
FL,2012-04-01,272.0
FL,2012-07-01,195.0
FL,2012-10-01,178.0
FL,2013-01-01,169.0
GA,1998-01-01,41.0
GA,1998-04-01,39.0
GA,1998-07-01,33.0
GA,1998-10-01,42.0
GA,1999-01-01,37.0
GA,1999-04-01,40.0
GA,1999-07-01,43.0
GA,1999-10-01,45.0
GA,2000-01-01,33.0
GA,2000-04-01,41.0
GA,2000-07-01,28.0
GA,2000-10-01,62.0
GA,2001-01-01,40.0
GA,2001-04-01,73.0
GA,2001-07-01,45.0
GA,2001-10-01,57.0
GA,2002-01-01,86.0
GA,2002-04-01,66.0
GA,2002-07-01,42.0
GA,2002-10-01,116.0
GA,2003-01-01,127.0
GA,2003-04-01,112.0
GA,2003-07-01,92.0
GA,2003-10-01,72.0
GA,2004-01-01,120.0
GA,2004-04-01,72.0
GA,2004-07-01,59.0
GA,2004-10-01,72.0
GA,2005-01-01,91.0
GA,2005-04-01,68.0
GA,2005-07-01,82.0
GA,2005-10-01,82.0
GA,2006-01-01,84.0
GA,2006-04-01,77.0
GA,2006-07-01,70.0
GA,2006-10-01,86.0
GA,2007-01-01,77.0
GA,2007-04-01,84.0
GA,2007-07-01,93.0
GA,2007-10-01,96.0
GA,2008-01-01,97.0
GA,2008-04-01,93.0
GA,2008-07-01,91.0
GA,2008-10-01,195.0
GA,2009-01-01,228.0
GA,2009-04-01,149.0
GA,2009-07-01,120.0
GA,2009-10-01,121.0
GA,2010-01-01,130.0
GA,2010-04-01,116.0
GA,2010-07-01,81.0
GA,2010-10-01,102.0
GA,2011-01-01,128.0
GA,2011-04-01,123.0
GA,2011-07-01,103.0
GA,2011-10-01,112.0
GA,2012-01-01,69.0
GA,2012-04-01,102.0
GA,2012-07-01,62.0
GA,2012-10-01,94.0
GA,2013-01-01,88.0
HI,1998-01-01,11.0
HI,1998-04-01,18.0
HI,1998-07-01,9.0
HI,1998-10-01,10.0
HI,1999-01-01,19.0
HI,1999-04-01,25.0
HI,1999-07-01,8.0
HI,1999-10-01,7.0
HI,2000-01-01,16.0
HI,2000-04-01,6.0
HI,2000-07-01,0.0
HI,2000-10-01,6.0
HI,2001-01-01,9.0
HI,2001-04-01,11.0
HI,2001-07-01,16.0
HI,2001-10-01,35.0
HI,2002-01-01,30.0
HI,2002-04-01,13.0
HI,2002-07-01,7.0
HI,2002-10-01,21.0
HI,2003-01-01,11.0
HI,2003-04-01,21.0
HI,2003-07-01,3.0
HI,2003-10-01,12.0
HI,2004-01-01,12.0
HI,2004-04-01,10.0
HI,2004-07-01,3.0
HI,2004-10-01,4.0
HI,2005-01-01,10.0
HI,2005-04-01,6.0
HI,2005-07-01,6.0
HI,2005-10-01,6.0
HI,2006-01-01,17.0
HI,2006-04-01,16.0
HI,2006-07-01,3.0
HI,2006-10-01,5.0
HI,2007-01-01,9.0
HI,2007-04-01,11.0
HI,2007-07-01,3.0
HI,2007-10-01,17.0
HI,2008-01-01,16.0
HI,2008-04-01,22.0
HI,2008-07-01,17.0
HI,2008-10-01,33.0
HI,2009-01-01,34.0
HI,2009-04-01,28.0
HI,2009-07-01,23.0
HI,2009-10-01,21.0
HI,2010-01-01,16.0
HI,2010-04-01,18.0
HI,2010-07-01,13.0
HI,2010-10-01,5.0
HI,2011-01-01,14.0
HI,2011-04-01,15.0
HI,2011-07-01,0.0
HI,2011-10-01,9.0
HI,2012-01-01,4.0
HI,2012-04-01,8.0
HI,2012-07-01,4.0
HI,2012-10-01,7.0
HI,2013-01-01,10.0
IA,1998-01-01,45.0
IA,1998-04-01,13.0
IA,1998-07-01,35.0
IA,1998-10-01,56.0
IA,1999-01-01,62.0
IA,1999-04-01,32.0
IA,1999-07-01,41.0
IA,1999-10-01,61.0
IA,2000-01-01,58.0
IA,2000-04-01,36.0
IA,2000-07-01,35.0
IA,2000-10-01,101.0
IA,2001-01-01,49.0
IA,2001-04-01,54.0
IA,2001-07-01,77.0
IA,2001-10-01,139.0
IA,2002-01-01,57.0
IA,2002-04-01,44.0
IA,2002-07-01,44.0
IA,2002-10-01,106.0
IA,2003-01-01,63.0
IA,2003-04-01,50.0
IA,2003-07-01,43.0
IA,2003-10-01,93.0
IA,2004-01-01,47.0
IA,2004-04-01,27.0
IA,2004-07-01,33.0
IA,2004-10-01,62.0
IA,2005-01-01,62.0
IA,2005-04-01,24.0
IA,2005-07-01,32.0
IA,2005-10-01,94.0
IA,2006-01-01,27.0
IA,2006-04-01,31.0
IA,2006-07-01,34.0
IA,2006-10-01,96.0
IA,2007-01-01,40.0
IA,2007-04-01,29.0
IA,2007-07-01,33.0
IA,2007-10-01,90.0
IA,2008-01-01,53.0
IA,2008-04-01,52.0
IA,2008-07-01,44.0
IA,2008-10-01,154.0
IA,2009-01-01,135.0
IA,2009-04-01,94.0
IA,2009-07-01,83.0
IA,2009-10-01,111.0
IA,2010-01-01,80.0
IA,2010-04-01,49.0
IA,2010-07-01,37.0
IA,2010-10-01,77.0
IA,2011-01-01,58.0
IA,2011-04-01,37.0
IA,2011-07-01,36.0
IA,2011-10-01,90.0
IA,2012-01-01,37.0
IA,2012-04-01,42.0
IA,2012-07-01,33.0
IA,2012-10-01,91.0
IA,2013-01-01,40.0
ID,1998-01-01,17.0
ID,1998-04-01,24.0
ID,1998-07-01,21.0
ID,1998-10-01,38.0
ID,1999-01-01,31.0
ID,1999-04-01,22.0
ID,1999-07-01,17.0
ID,1999-10-01,31.0
ID,2000-01-01,30.0
ID,2000-04-01,26.0
ID,2000-07-01,22.0
ID,2000-10-01,31.0
ID,2001-01-01,35.0
ID,2001-04-01,28.0
ID,2001-07-01,26.0
ID,2001-10-01,55.0
ID,2002-01-01,39.0
ID,2002-04-01,22.0
ID,2002-07-01,21.0
ID,2002-10-01,44.0
ID,2003-01-01,36.0
ID,2003-04-01,27.0
ID,2003-07-01,26.0
ID,2003-10-01,33.0
ID,2004-01-01,26.0
ID,2004-04-01,14.0
ID,2004-07-01,19.0
ID,2004-10-01,26.0
ID,2005-01-01,20.0
ID,2005-04-01,13.0
ID,2005-07-01,16.0
ID,2005-10-01,33.0
ID,2006-01-01,13.0
ID,2006-04-01,12.0
ID,2006-07-01,7.0
ID,2006-10-01,29.0
ID,2007-01-01,28.0
ID,2007-04-01,12.0
ID,2007-07-01,14.0
ID,2007-10-01,33.0
ID,2008-01-01,26.0
ID,2008-04-01,24.0
ID,2008-07-01,21.0
ID,2008-10-01,74.0
ID,2009-01-01,47.0
ID,2009-04-01,24.0
ID,2009-07-01,21.0
ID,2009-10-01,45.0
ID,2010-01-01,31.0
ID,2010-04-01,22.0
ID,2010-07-01,19.0
ID,2010-10-01,41.0
ID,2011-01-01,22.0
ID,2011-04-01,24.0
ID,2011-07-01,18.0
ID,2011-10-01,46.0
ID,2012-01-01,19.0
ID,2012-04-01,15.0
ID,2012-07-01,9.0
ID,2012-10-01,34.0
ID,2013-01-01,20.0
IL,1998-01-01,121.0
IL,1998-04-01,132.0
IL,1998-07-01,95.0
IL,1998-10-01,184.0
IL,1999-01-01,139.0
IL,1999-04-01,130.0
IL,1999-07-01,92.0
IL,1999-10-01,188.0
IL,2000-01-01,129.0
IL,2000-04-01,126.0
IL,2000-07-01,126.0
IL,2000-10-01,266.0
IL,2001-01-01,173.0
IL,2001-04-01,194.0
IL,2001-07-01,184.0
IL,2001-10-01,319.0
IL,2002-01-01,200.0
IL,2002-04-01,186.0
IL,2002-07-01,154.0
IL,2002-10-01,284.0
IL,2003-01-01,167.0
IL,2003-04-01,178.0
IL,2003-07-01,176.0
IL,2003-10-01,254.0
IL,2004-01-01,164.0
IL,2004-04-01,154.0
IL,2004-07-01,127.0
IL,2004-10-01,218.0
IL,2005-01-01,154.0
IL,2005-04-01,150.0
IL,2005-07-01,130.0
IL,2005-10-01,213.0
IL,2006-01-01,117.0
IL,2006-04-01,133.0
IL,2006-07-01,107.0
IL,2006-10-01,243.0
IL,2007-01-01,146.0
IL,2007-04-01,130.0
IL,2007-07-01,119.0
IL,2007-10-01,246.0
IL,2008-01-01,171.0
IL,2008-04-01,154.0
IL,2008-07-01,154.0
IL,2008-10-01,392.0
IL,2009-01-01,354.0
IL,2009-04-01,356.0
IL,2009-07-01,263.0
IL,2009-10-01,336.0
IL,2010-01-01,212.0
IL,2010-04-01,204.0
IL,2010-07-01,159.0
IL,2010-10-01,229.0
IL,2011-01-01,158.0
IL,2011-04-01,164.0
IL,2011-07-01,131.0
IL,2011-10-01,223.0
IL,2012-01-01,131.0
IL,2012-04-01,167.0
IL,2012-07-01,118.0
IL,2012-10-01,242.0
IL,2013-01-01,126.0
IN,1998-01-01,33.0
IN,1998-04-01,49.0
IN,1998-07-01,74.0
IN,1998-10-01,79.0
IN,1999-01-01,52.0
IN,1999-04-01,43.0
IN,1999-07-01,71.0
IN,1999-10-01,70.0
IN,2000-01-01,55.0
IN,2000-04-01,50.0
IN,2000-07-01,74.0
IN,2000-10-01,154.0
IN,2001-01-01,93.0
IN,2001-04-01,92.0
IN,2001-07-01,127.0
IN,2001-10-01,185.0
IN,2002-01-01,82.0
IN,2002-04-01,77.0
IN,2002-07-01,111.0
IN,2002-10-01,190.0
IN,2003-01-01,99.0
IN,2003-04-01,107.0
IN,2003-07-01,128.0
IN,2003-10-01,172.0
IN,2004-01-01,95.0
IN,2004-04-01,73.0
IN,2004-07-01,134.0
IN,2004-10-01,132.0
IN,2005-01-01,107.0
IN,2005-04-01,90.0
IN,2005-07-01,105.0
IN,2005-10-01,141.0
IN,2006-01-01,69.0
IN,2006-04-01,84.0
IN,2006-07-01,105.0
IN,2006-10-01,145.0
IN,2007-01-01,78.0
IN,2007-04-01,68.0
IN,2007-07-01,84.0
IN,2007-10-01,145.0
IN,2008-01-01,85.0
IN,2008-04-01,124.0
IN,2008-07-01,141.0
IN,2008-10-01,330.0
IN,2009-01-01,244.0
IN,2009-04-01,211.0
IN,2009-07-01,138.0
IN,2009-10-01,137.0
IN,2010-01-01,103.0
IN,2010-04-01,83.0
IN,2010-07-01,62.0
IN,2010-10-01,105.0
IN,2011-01-01,70.0
IN,2011-04-01,97.0
IN,2011-07-01,66.0
IN,2011-10-01,94.0
IN,2012-01-01,62.0
IN,2012-04-01,72.0
IN,2012-07-01,51.0
IN,2012-10-01,92.0
IN,2013-01-01,50.0
KS,1998-01-01,11.0
KS,1998-04-01,16.0
KS,1998-07-01,12.0
KS,1998-10-01,12.0
KS,1999-01-01,12.0
KS,1999-04-01,20.0
KS,1999-07-01,17.0
KS,1999-10-01,16.0
KS,2000-01-01,23.0
KS,2000-04-01,19.0
KS,2000-07-01,10.0
KS,2000-10-01,35.0
KS,2001-01-01,25.0
KS,2001-04-01,18.0
KS,2001-07-01,24.0
KS,2001-10-01,43.0
KS,2002-01-01,27.0
KS,2002-04-01,27.0
KS,2002-07-01,29.0
KS,2002-10-01,46.0
KS,2003-01-01,29.0
KS,2003-04-01,23.0
KS,2003-07-01,26.0
KS,2003-10-01,41.0
KS,2004-01-01,25.0
KS,2004-04-01,25.0
KS,2004-07-01,25.0
KS,2004-10-01,27.0
KS,2005-01-01,39.0
KS,2005-04-01,19.0
KS,2005-07-01,16.0
KS,2005-10-01,24.0
KS,2006-01-01,12.0
KS,2006-04-01,19.0
KS,2006-07-01,21.0
KS,2006-10-01,33.0
KS,2007-01-01,15.0
KS,2007-04-01,22.0
KS,2007-07-01,21.0
KS,2007-10-01,30.0
KS,2008-01-01,19.0
KS,2008-04-01,29.0
KS,2008-07-01,18.0
KS,2008-10-01,70.0
KS,2009-01-01,58.0
KS,2009-04-01,53.0
KS,2009-07-01,51.0
KS,2009-10-01,49.0
KS,2010-01-01,31.0
KS,2010-04-01,34.0
KS,2010-07-01,17.0
KS,2010-10-01,37.0
KS,2011-01-01,33.0
KS,2011-04-01,25.0
KS,2011-07-01,21.0
KS,2011-10-01,28.0
KS,2012-01-01,23.0
KS,2012-04-01,34.0
KS,2012-07-01,23.0
KS,2012-10-01,36.0
KS,2013-01-01,26.0
KY,1998-01-01,24.0
KY,1998-04-01,23.0
KY,1998-07-01,31.0
KY,1998-10-01,46.0
KY,1999-01-01,52.0
KY,1999-04-01,20.0
KY,1999-07-01,34.0
KY,1999-10-01,18.0
KY,2000-01-01,46.0
KY,2000-04-01,39.0
KY,2000-07-01,69.0
KY,2000-10-01,107.0
KY,2001-01-01,66.0
KY,2001-04-01,95.0
KY,2001-07-01,102.0
KY,2001-10-01,146.0
KY,2002-01-01,88.0
KY,2002-04-01,61.0
KY,2002-07-01,89.0
KY,2002-10-01,125.0
KY,2003-01-01,55.0
KY,2003-04-01,82.0
KY,2003-07-01,94.0
KY,2003-10-01,46.0
KY,2004-01-01,38.0
KY,2004-04-01,62.0
KY,2004-07-01,105.0
KY,2004-10-01,84.0
KY,2005-01-01,80.0
KY,2005-04-01,57.0
KY,2005-07-01,96.0
KY,2005-10-01,95.0
KY,2006-01-01,67.0
KY,2006-04-01,60.0
KY,2006-07-01,91.0
KY,2006-10-01,112.0
KY,2007-01-01,75.0
KY,2007-04-01,67.0
KY,2007-07-01,80.0
KY,2007-10-01,124.0
KY,2008-01-01,78.0
KY,2008-04-01,86.0
KY,2008-07-01,121.0
KY,2008-10-01,255.0
KY,2009-01-01,230.0
KY,2009-04-01,217.0
KY,2009-07-01,151.0
KY,2009-10-01,121.0
KY,2010-01-01,133.0
KY,2010-04-01,83.0
KY,2010-07-01,78.0
KY,2010-10-01,79.0
KY,2011-01-01,80.0
KY,2011-04-01,111.0
KY,2011-07-01,87.0
KY,2011-10-01,112.0
KY,2012-01-01,77.0
KY,2012-04-01,71.0
KY,2012-07-01,98.0
KY,2012-10-01,103.0
KY,2013-01-01,68.0
LA,1998-01-01,37.0
LA,1998-04-01,40.0
LA,1998-07-01,40.0
LA,1998-10-01,38.0
LA,1999-01-01,43.0
LA,1999-04-01,36.0
LA,1999-07-01,28.0
LA,1999-10-01,22.0
LA,2000-01-01,33.0
LA,2000-04-01,63.0
LA,2000-07-01,26.0
LA,2000-10-01,57.0
LA,2001-01-01,47.0
LA,2001-04-01,58.0
LA,2001-07-01,47.0
LA,2001-10-01,73.0
LA,2002-01-01,52.0
LA,2002-04-01,69.0
LA,2002-07-01,49.0
LA,2002-10-01,71.0
LA,2003-01-01,43.0
LA,2003-04-01,70.0
LA,2003-07-01,41.0
LA,2003-10-01,50.0
LA,2004-01-01,37.0
LA,2004-04-01,80.0
LA,2004-07-01,43.0
LA,2004-10-01,46.0
LA,2005-01-01,35.0
LA,2005-04-01,47.0
LA,2005-07-01,822.0
LA,2005-10-01,52.0
LA,2006-01-01,31.0
LA,2006-04-01,34.0
LA,2006-07-01,38.0
LA,2006-10-01,26.0
LA,2007-01-01,20.0
LA,2007-04-01,37.0
LA,2007-07-01,22.0
LA,2007-10-01,28.0
LA,2008-01-01,26.0
LA,2008-04-01,50.0
LA,2008-07-01,183.0
LA,2008-10-01,52.0
LA,2009-01-01,64.0
LA,2009-04-01,88.0
LA,2009-07-01,49.0
LA,2009-10-01,81.0
LA,2010-01-01,46.0
LA,2010-04-01,87.0
LA,2010-07-01,50.0
LA,2010-10-01,57.0
LA,2011-01-01,46.0
LA,2011-04-01,79.0
LA,2011-07-01,44.0
LA,2011-10-01,45.0
LA,2012-01-01,28.0
LA,2012-04-01,60.0
LA,2012-07-01,48.0
LA,2012-10-01,38.0
LA,2013-01-01,20.0
MA,1998-01-01,40.0
MA,1998-04-01,40.0
MA,1998-07-01,40.0
MA,1998-10-01,66.0
MA,1999-01-01,49.0
MA,1999-04-01,51.0
MA,1999-07-01,40.0
MA,1999-10-01,48.0
MA,2000-01-01,49.0
MA,2000-04-01,48.0
MA,2000-07-01,29.0
MA,2000-10-01,62.0
MA,2001-01-01,53.0
MA,2001-04-01,91.0
MA,2001-07-01,80.0
MA,2001-10-01,132.0
MA,2002-01-01,70.0
MA,2002-04-01,68.0
MA,2002-07-01,73.0
MA,2002-10-01,114.0
MA,2003-01-01,67.0
MA,2003-04-01,77.0
MA,2003-07-01,68.0
MA,2003-10-01,50.0
MA,2004-01-01,41.0
MA,2004-04-01,43.0
MA,2004-07-01,32.0
MA,2004-10-01,36.0
MA,2005-01-01,60.0
MA,2005-04-01,33.0
MA,2005-07-01,40.0
MA,2005-10-01,45.0
MA,2006-01-01,21.0
MA,2006-04-01,40.0
MA,2006-07-01,21.0
MA,2006-10-01,41.0
MA,2007-01-01,27.0
MA,2007-04-01,26.0
MA,2007-07-01,31.0
MA,2007-10-01,44.0
MA,2008-01-01,25.0
MA,2008-04-01,44.0
MA,2008-07-01,26.0
MA,2008-10-01,67.0
MA,2009-01-01,90.0
MA,2009-04-01,81.0
MA,2009-07-01,56.0
MA,2009-10-01,48.0
MA,2010-01-01,42.0
MA,2010-04-01,42.0
MA,2010-07-01,39.0
MA,2010-10-01,47.0
MA,2011-01-01,47.0
MA,2011-04-01,43.0
MA,2011-07-01,36.0
MA,2011-10-01,44.0
MA,2012-01-01,34.0
MA,2012-04-01,45.0
MA,2012-07-01,27.0
MA,2012-10-01,51.0
MA,2013-01-01,24.0
MD,1998-01-01,34.0
MD,1998-04-01,10.0
MD,1998-07-01,9.0
MD,1998-10-01,10.0
MD,1999-01-01,17.0
MD,1999-04-01,17.0
MD,1999-07-01,5.0
MD,1999-10-01,12.0
MD,2000-01-01,21.0
MD,2000-04-01,14.0
MD,2000-07-01,10.0
MD,2000-10-01,19.0
MD,2001-01-01,14.0
MD,2001-04-01,19.0
MD,2001-07-01,10.0
MD,2001-10-01,24.0
MD,2002-01-01,17.0
MD,2002-04-01,16.0
MD,2002-07-01,26.0
MD,2002-10-01,21.0
MD,2003-01-01,14.0
MD,2003-04-01,28.0
MD,2003-07-01,21.0
MD,2003-10-01,28.0
MD,2004-01-01,19.0
MD,2004-04-01,22.0
MD,2004-07-01,19.0
MD,2004-10-01,16.0
MD,2005-01-01,23.0
MD,2005-04-01,12.0
MD,2005-07-01,11.0
MD,2005-10-01,5.0
MD,2006-01-01,19.0
MD,2006-04-01,36.0
MD,2006-07-01,22.0
MD,2006-10-01,43.0
MD,2007-01-01,25.0
MD,2007-04-01,36.0
MD,2007-07-01,20.0
MD,2007-10-01,47.0
MD,2008-01-01,14.0
MD,2008-04-01,14.0
MD,2008-07-01,18.0
MD,2008-10-01,33.0
MD,2009-01-01,50.0
MD,2009-04-01,35.0
MD,2009-07-01,28.0
MD,2009-10-01,28.0
MD,2010-01-01,42.0
MD,2010-04-01,29.0
MD,2010-07-01,32.0
MD,2010-10-01,25.0
MD,2011-01-01,33.0
MD,2011-04-01,22.0
MD,2011-07-01,26.0
MD,2011-10-01,28.0
MD,2012-01-01,23.0
MD,2012-04-01,46.0
MD,2012-07-01,38.0
MD,2012-10-01,58.0
MD,2013-01-01,42.0
ME,1998-01-01,34.0
ME,1998-04-01,11.0
ME,1998-07-01,16.0
ME,1998-10-01,24.0
ME,1999-01-01,24.0
ME,1999-04-01,10.0
ME,1999-07-01,7.0
ME,1999-10-01,12.0
ME,2000-01-01,9.0
ME,2000-04-01,11.0
ME,2000-07-01,10.0
ME,2000-10-01,13.0
ME,2001-01-01,9.0
ME,2001-04-01,13.0
ME,2001-07-01,8.0
ME,2001-10-01,14.0
ME,2002-01-01,9.0
ME,2002-04-01,16.0
ME,2002-07-01,0.0
ME,2002-10-01,16.0
ME,2003-01-01,8.0
ME,2003-04-01,16.0
ME,2003-07-01,3.0
ME,2003-10-01,12.0
ME,2004-01-01,19.0
ME,2004-04-01,7.0
ME,2004-07-01,0.0
ME,2004-10-01,14.0
ME,2005-01-01,10.0
ME,2005-04-01,10.0
ME,2005-07-01,4.0
ME,2005-10-01,7.0
ME,2006-01-01,3.0
ME,2006-04-01,8.0
ME,2006-07-01,0.0
ME,2006-10-01,10.0
ME,2007-01-01,13.0
ME,2007-04-01,9.0
ME,2007-07-01,4.0
ME,2007-10-01,10.0
ME,2008-01-01,4.0
ME,2008-04-01,3.0
ME,2008-07-01,8.0
ME,2008-10-01,11.0
ME,2009-01-01,31.0
ME,2009-04-01,16.0
ME,2009-07-01,7.0
ME,2009-10-01,9.0
ME,2010-01-01,11.0
ME,2010-04-01,16.0
ME,2010-07-01,3.0
ME,2010-10-01,12.0
ME,2011-01-01,16.0
ME,2011-04-01,18.0
ME,2011-07-01,12.0
ME,2011-10-01,13.0
ME,2012-01-01,13.0
ME,2012-04-01,16.0
ME,2012-07-01,13.0
ME,2012-10-01,14.0
ME,2013-01-01,17.0
MI,1998-01-01,95.0
MI,1998-04-01,119.0
MI,1998-07-01,223.0
MI,1998-10-01,52.0
MI,1999-01-01,229.0
MI,1999-04-01,135.0
MI,1999-07-01,225.0
MI,1999-10-01,202.0
MI,2000-01-01,172.0
MI,2000-04-01,205.0
MI,2000-07-01,178.0
MI,2000-10-01,414.0
MI,2001-01-01,216.0
MI,2001-04-01,268.0
MI,2001-07-01,331.0
MI,2001-10-01,544.0
MI,2002-01-01,179.0
MI,2002-04-01,124.0
MI,2002-07-01,184.0
MI,2002-10-01,125.0
MI,2003-01-01,53.0
MI,2003-04-01,107.0
MI,2003-07-01,219.0
MI,2003-10-01,225.0
MI,2004-01-01,221.0
MI,2004-04-01,126.0
MI,2004-07-01,301.0
MI,2004-10-01,218.0
MI,2005-01-01,254.0
MI,2005-04-01,153.0
MI,2005-07-01,300.0
MI,2005-10-01,325.0
MI,2006-01-01,168.0
MI,2006-04-01,169.0
MI,2006-07-01,276.0
MI,2006-10-01,309.0
MI,2007-01-01,177.0
MI,2007-04-01,153.0
MI,2007-07-01,263.0
MI,2007-10-01,356.0
MI,2008-01-01,159.0
MI,2008-04-01,211.0
MI,2008-07-01,300.0
MI,2008-10-01,486.0
MI,2009-01-01,395.0
MI,2009-04-01,375.0
MI,2009-07-01,268.0
MI,2009-10-01,267.0
MI,2010-01-01,205.0
MI,2010-04-01,122.0
MI,2010-07-01,132.0
MI,2010-10-01,175.0
MI,2011-01-01,165.0
MI,2011-04-01,143.0
MI,2011-07-01,182.0
MI,2011-10-01,221.0
MI,2012-01-01,106.0
MI,2012-04-01,109.0
MI,2012-07-01,166.0
MI,2012-10-01,248.0
MI,2013-01-01,95.0
MN,1998-01-01,34.0
MN,1998-04-01,32.0
MN,1998-07-01,23.0
MN,1998-10-01,83.0
MN,1999-01-01,27.0
MN,1999-04-01,32.0
MN,1999-07-01,19.0
MN,1999-10-01,79.0
MN,2000-01-01,34.0
MN,2000-04-01,20.0
MN,2000-07-01,27.0
MN,2000-10-01,110.0
MN,2001-01-01,52.0
MN,2001-04-01,75.0
MN,2001-07-01,41.0
MN,2001-10-01,136.0
MN,2002-01-01,69.0
MN,2002-04-01,56.0
MN,2002-07-01,36.0
MN,2002-10-01,118.0
MN,2003-01-01,54.0
MN,2003-04-01,63.0
MN,2003-07-01,31.0
MN,2003-10-01,112.0
MN,2004-01-01,45.0
MN,2004-04-01,37.0
MN,2004-07-01,26.0
MN,2004-10-01,105.0
MN,2005-01-01,51.0
MN,2005-04-01,37.0
MN,2005-07-01,40.0
MN,2005-10-01,109.0
MN,2006-01-01,38.0
MN,2006-04-01,44.0
MN,2006-07-01,11.0
MN,2006-10-01,101.0
MN,2007-01-01,39.0
MN,2007-04-01,42.0
MN,2007-07-01,22.0
MN,2007-10-01,96.0
MN,2008-01-01,33.0
MN,2008-04-01,41.0
MN,2008-07-01,21.0
MN,2008-10-01,150.0
MN,2009-01-01,95.0
MN,2009-04-01,99.0
MN,2009-07-01,59.0
MN,2009-10-01,124.0
MN,2010-01-01,62.0
MN,2010-04-01,37.0
MN,2010-07-01,23.0
MN,2010-10-01,99.0
MN,2011-01-01,38.0
MN,2011-04-01,43.0
MN,2011-07-01,81.0
MN,2011-10-01,97.0
MN,2012-01-01,33.0
MN,2012-04-01,34.0
MN,2012-07-01,25.0
MN,2012-10-01,106.0
MN,2013-01-01,33.0
MO,1998-01-01,78.0
MO,1998-04-01,94.0
MO,1998-07-01,69.0
MO,1998-10-01,95.0
MO,1999-01-01,100.0
MO,1999-04-01,84.0
MO,1999-07-01,65.0
MO,1999-10-01,95.0
MO,2000-01-01,79.0
MO,2000-04-01,84.0
MO,2000-07-01,66.0
MO,2000-10-01,123.0
MO,2001-01-01,91.0
MO,2001-04-01,103.0
MO,2001-07-01,99.0
MO,2001-10-01,139.0
MO,2002-01-01,88.0
MO,2002-04-01,80.0
MO,2002-07-01,85.0
MO,2002-10-01,121.0
MO,2003-01-01,68.0
MO,2003-04-01,71.0
MO,2003-07-01,68.0
MO,2003-10-01,85.0
MO,2004-01-01,56.0
MO,2004-04-01,63.0
MO,2004-07-01,52.0
MO,2004-10-01,85.0
MO,2005-01-01,74.0
MO,2005-04-01,47.0
MO,2005-07-01,65.0
MO,2005-10-01,90.0
MO,2006-01-01,49.0
MO,2006-04-01,71.0
MO,2006-07-01,55.0
MO,2006-10-01,114.0
MO,2007-01-01,70.0
MO,2007-04-01,78.0
MO,2007-07-01,67.0
MO,2007-10-01,114.0
MO,2008-01-01,84.0
MO,2008-04-01,87.0
MO,2008-07-01,76.0
MO,2008-10-01,186.0
MO,2009-01-01,142.0
MO,2009-04-01,139.0
MO,2009-07-01,105.0
MO,2009-10-01,165.0
MO,2010-01-01,129.0
MO,2010-04-01,106.0
MO,2010-07-01,65.0
MO,2010-10-01,120.0
MO,2011-01-01,93.0
MO,2011-04-01,97.0
MO,2011-07-01,74.0
MO,2011-10-01,111.0
MO,2012-01-01,69.0
MO,2012-04-01,81.0
MO,2012-07-01,58.0
MO,2012-10-01,88.0
MO,2013-01-01,75.0
MS,1998-01-01,28.0
MS,1998-04-01,12.0
MS,1998-07-01,28.0
MS,1998-10-01,27.0
MS,1999-01-01,11.0
MS,1999-04-01,17.0
MS,1999-07-01,8.0
MS,1999-10-01,13.0
MS,2000-01-01,22.0
MS,2000-04-01,11.0
MS,2000-07-01,23.0
MS,2000-10-01,39.0
MS,2001-01-01,32.0
MS,2001-04-01,40.0
MS,2001-07-01,20.0
MS,2001-10-01,29.0
MS,2002-01-01,25.0
MS,2002-04-01,20.0
MS,2002-07-01,14.0
MS,2002-10-01,23.0
MS,2003-01-01,22.0
MS,2003-04-01,26.0
MS,2003-07-01,16.0
MS,2003-10-01,12.0
MS,2004-01-01,6.0
MS,2004-04-01,24.0
MS,2004-07-01,17.0
MS,2004-10-01,10.0
MS,2005-01-01,8.0
MS,2005-04-01,15.0
MS,2005-07-01,124.0
MS,2005-10-01,4.0
MS,2006-01-01,12.0
MS,2006-04-01,26.0
MS,2006-07-01,13.0
MS,2006-10-01,17.0
MS,2007-01-01,14.0
MS,2007-04-01,22.0
MS,2007-07-01,18.0
MS,2007-10-01,21.0
MS,2008-01-01,23.0
MS,2008-04-01,32.0
MS,2008-07-01,34.0
MS,2008-10-01,78.0
MS,2009-01-01,45.0
MS,2009-04-01,35.0
MS,2009-07-01,24.0
MS,2009-10-01,31.0
MS,2010-01-01,21.0
MS,2010-04-01,29.0
MS,2010-07-01,38.0
MS,2010-10-01,59.0
MS,2011-01-01,35.0
MS,2011-04-01,72.0
MS,2011-07-01,43.0
MS,2011-10-01,47.0
MS,2012-01-01,31.0
MS,2012-04-01,58.0
MS,2012-07-01,34.0
MS,2012-10-01,55.0
MS,2013-01-01,29.0
MT,1998-01-01,3.0
MT,1998-04-01,11.0
MT,1998-07-01,3.0
MT,1998-10-01,9.0
MT,1999-01-01,0.0
MT,1999-04-01,0.0
MT,1999-07-01,3.0
MT,1999-10-01,4.0
MT,2000-01-01,0.0
MT,2000-04-01,3.0
MT,2000-07-01,7.0
MT,2000-10-01,8.0
MT,2001-01-01,9.0
MT,2001-04-01,10.0
MT,2001-07-01,0.0
MT,2001-10-01,9.0
MT,2002-01-01,6.0
MT,2002-04-01,6.0
MT,2002-07-01,0.0
MT,2002-10-01,15.0
MT,2003-01-01,3.0
MT,2003-04-01,15.0
MT,2003-07-01,7.0
MT,2003-10-01,17.0
MT,2004-01-01,7.0
MT,2004-04-01,3.0
MT,2004-07-01,3.0
MT,2004-10-01,18.0
MT,2005-01-01,9.0
MT,2005-04-01,12.0
MT,2005-07-01,0.0
MT,2005-10-01,22.0
MT,2006-01-01,3.0
MT,2006-04-01,13.0
MT,2006-07-01,0.0
MT,2006-10-01,18.0
MT,2007-01-01,9.0
MT,2007-04-01,12.0
MT,2007-07-01,4.0
MT,2007-10-01,17.0
MT,2008-01-01,6.0
MT,2008-04-01,13.0
MT,2008-07-01,4.0
MT,2008-10-01,24.0
MT,2009-01-01,32.0
MT,2009-04-01,17.0
MT,2009-07-01,11.0
MT,2009-10-01,33.0
MT,2010-01-01,13.0
MT,2010-04-01,21.0
MT,2010-07-01,8.0
MT,2010-10-01,29.0
MT,2011-01-01,6.0
MT,2011-04-01,17.0
MT,2011-07-01,7.0
MT,2011-10-01,28.0
MT,2012-01-01,5.0
MT,2012-04-01,16.0
MT,2012-07-01,0.0
MT,2012-10-01,22.0
MT,2013-01-01,7.0
NC,1998-01-01,40.0
NC,1998-04-01,30.0
NC,1998-07-01,23.0
NC,1998-10-01,31.0
NC,1999-01-01,42.0
NC,1999-04-01,26.0
NC,1999-07-01,21.0
NC,1999-10-01,34.0
NC,2000-01-01,37.0
NC,2000-04-01,36.0
NC,2000-07-01,44.0
NC,2000-10-01,55.0
NC,2001-01-01,62.0
NC,2001-04-01,71.0
NC,2001-07-01,60.0
NC,2001-10-01,95.0
NC,2002-01-01,66.0
NC,2002-04-01,64.0
NC,2002-07-01,61.0
NC,2002-10-01,54.0
NC,2003-01-01,55.0
NC,2003-04-01,72.0
NC,2003-07-01,54.0
NC,2003-10-01,65.0
NC,2004-01-01,41.0
NC,2004-04-01,49.0
NC,2004-07-01,32.0
NC,2004-10-01,45.0
NC,2005-01-01,39.0
NC,2005-04-01,47.0
NC,2005-07-01,35.0
NC,2005-10-01,45.0
NC,2006-01-01,28.0
NC,2006-04-01,33.0
NC,2006-07-01,32.0
NC,2006-10-01,36.0
NC,2007-01-01,37.0
NC,2007-04-01,32.0
NC,2007-07-01,9.0
NC,2007-10-01,11.0
NC,2008-01-01,40.0
NC,2008-04-01,25.0
NC,2008-07-01,46.0
NC,2008-10-01,85.0
NC,2009-01-01,119.0
NC,2009-04-01,89.0
NC,2009-07-01,50.0
NC,2009-10-01,67.0
NC,2010-01-01,48.0
NC,2010-04-01,47.0
NC,2010-07-01,41.0
NC,2010-10-01,179.0
NC,2011-01-01,145.0
NC,2011-04-01,99.0
NC,2011-07-01,145.0
NC,2011-10-01,139.0
NC,2012-01-01,171.0
NC,2012-04-01,155.0
NC,2012-07-01,170.0
NC,2012-10-01,198.0
NC,2013-01-01,169.0
ND,1998-01-01,0.0
ND,1998-04-01,0.0
ND,1998-07-01,0.0
ND,1998-10-01,0.0
ND,1999-01-01,0.0
ND,1999-04-01,4.0
ND,1999-07-01,0.0
ND,1999-10-01,0.0
ND,2000-01-01,0.0
ND,2000-04-01,0.0
ND,2000-07-01,0.0
ND,2000-10-01,0.0
ND,2001-01-01,0.0
ND,2001-04-01,8.0
ND,2001-07-01,3.0
ND,2001-10-01,12.0
ND,2002-01-01,0.0
ND,2002-04-01,10.0
ND,2002-07-01,0.0
ND,2002-10-01,9.0
ND,2003-01-01,3.0
ND,2003-04-01,5.0
ND,2003-07-01,0.0
ND,2003-10-01,4.0
ND,2004-01-01,3.0
ND,2004-04-01,4.0
ND,2004-07-01,0.0
ND,2004-10-01,9.0
ND,2005-01-01,0.0
ND,2005-04-01,0.0
ND,2005-07-01,0.0
ND,2005-10-01,4.0
ND,2006-01-01,0.0
ND,2006-04-01,3.0
ND,2006-07-01,4.0
ND,2006-10-01,4.0
ND,2007-01-01,0.0
ND,2007-04-01,3.0
ND,2007-07-01,3.0
ND,2007-10-01,9.0
ND,2008-01-01,0.0
ND,2008-04-01,3.0
ND,2008-07-01,0.0
ND,2008-10-01,13.0
ND,2009-01-01,11.0
ND,2009-04-01,14.0
ND,2009-07-01,4.0
ND,2009-10-01,12.0
ND,2010-01-01,4.0
ND,2010-04-01,7.0
ND,2010-07-01,4.0
ND,2010-10-01,11.0
ND,2011-01-01,3.0
ND,2011-04-01,0.0
ND,2011-07-01,6.0
ND,2011-10-01,10.0
ND,2012-01-01,0.0
ND,2012-04-01,3.0
ND,2012-07-01,0.0
ND,2012-10-01,18.0
ND,2013-01-01,3.0
NE,1998-01-01,0.0
NE,1998-04-01,0.0
NE,1998-07-01,3.0
NE,1998-10-01,4.0
NE,1999-01-01,4.0
NE,1999-04-01,0.0
NE,1999-07-01,0.0
NE,1999-10-01,0.0
NE,2000-01-01,12.0
NE,2000-04-01,0.0
NE,2000-07-01,0.0
NE,2000-10-01,4.0
NE,2001-01-01,3.0
NE,2001-04-01,9.0
NE,2001-07-01,4.0
NE,2001-10-01,29.0
NE,2002-01-01,18.0
NE,2002-04-01,11.0
NE,2002-07-01,18.0
NE,2002-10-01,30.0
NE,2003-01-01,13.0
NE,2003-04-01,17.0
NE,2003-07-01,14.0
NE,2003-10-01,17.0
NE,2004-01-01,19.0
NE,2004-04-01,11.0
NE,2004-07-01,12.0
NE,2004-10-01,25.0
NE,2005-01-01,17.0
NE,2005-04-01,16.0
NE,2005-07-01,10.0
NE,2005-10-01,24.0
NE,2006-01-01,9.0
NE,2006-04-01,14.0
NE,2006-07-01,9.0
NE,2006-10-01,12.0
NE,2007-01-01,3.0
NE,2007-04-01,0.0
NE,2007-07-01,8.0
NE,2007-10-01,13.0
NE,2008-01-01,11.0
NE,2008-04-01,8.0
NE,2008-07-01,3.0
NE,2008-10-01,21.0
NE,2009-01-01,15.0
NE,2009-04-01,20.0
NE,2009-07-01,4.0
NE,2009-10-01,22.0
NE,2010-01-01,13.0
NE,2010-04-01,22.0
NE,2010-07-01,15.0
NE,2010-10-01,28.0
NE,2011-01-01,21.0
NE,2011-04-01,22.0
NE,2011-07-01,15.0
NE,2011-10-01,29.0
NE,2012-01-01,16.0
NE,2012-04-01,14.0
NE,2012-07-01,13.0
NE,2012-10-01,23.0
NE,2013-01-01,21.0
NH,1998-01-01,9.0
NH,1998-04-01,9.0
NH,1998-07-01,8.0
NH,1998-10-01,0.0
NH,1999-01-01,10.0
NH,1999-04-01,0.0
NH,1999-07-01,9.0
NH,1999-10-01,0.0
NH,2000-01-01,7.0
NH,2000-04-01,7.0
NH,2000-07-01,5.0
NH,2000-10-01,10.0
NH,2001-01-01,8.0
NH,2001-04-01,23.0
NH,2001-07-01,18.0
NH,2001-10-01,26.0
NH,2002-01-01,10.0
NH,2002-04-01,15.0
NH,2002-07-01,11.0
NH,2002-10-01,22.0
NH,2003-01-01,5.0
NH,2003-04-01,6.0
NH,2003-07-01,11.0
NH,2003-10-01,0.0
NH,2004-01-01,6.0
NH,2004-04-01,4.0
NH,2004-07-01,6.0
NH,2004-10-01,9.0
NH,2005-01-01,7.0
NH,2005-04-01,10.0
NH,2005-07-01,5.0
NH,2005-10-01,12.0
NH,2006-01-01,3.0
NH,2006-04-01,9.0
NH,2006-07-01,0.0
NH,2006-10-01,8.0
NH,2007-01-01,3.0
NH,2007-04-01,10.0
NH,2007-07-01,5.0
NH,2007-10-01,6.0
NH,2008-01-01,6.0
NH,2008-04-01,14.0
NH,2008-07-01,7.0
NH,2008-10-01,11.0
NH,2009-01-01,25.0
NH,2009-04-01,22.0
NH,2009-07-01,23.0
NH,2009-10-01,15.0
NH,2010-01-01,24.0
NH,2010-04-01,25.0
NH,2010-07-01,6.0
NH,2010-10-01,6.0
NH,2011-01-01,13.0
NH,2011-04-01,13.0
NH,2011-07-01,5.0
NH,2011-10-01,10.0
NH,2012-01-01,13.0
NH,2012-04-01,12.0
NH,2012-07-01,5.0
NH,2012-10-01,12.0
NH,2013-01-01,3.0
NJ,1998-01-01,91.0
NJ,1998-04-01,132.0
NJ,1998-07-01,73.0
NJ,1998-10-01,106.0
NJ,1999-01-01,89.0
NJ,1999-04-01,87.0
NJ,1999-07-01,70.0
NJ,1999-10-01,71.0
NJ,2000-01-01,120.0
NJ,2000-04-01,126.0
NJ,2000-07-01,63.0
NJ,2000-10-01,96.0
NJ,2001-01-01,80.0
NJ,2001-04-01,118.0
NJ,2001-07-01,96.0
NJ,2001-10-01,133.0
NJ,2002-01-01,123.0
NJ,2002-04-01,134.0
NJ,2002-07-01,106.0
NJ,2002-10-01,146.0
NJ,2003-01-01,97.0
NJ,2003-04-01,138.0
NJ,2003-07-01,100.0
NJ,2003-10-01,146.0
NJ,2004-01-01,121.0
NJ,2004-04-01,122.0
NJ,2004-07-01,83.0
NJ,2004-10-01,123.0
NJ,2005-01-01,137.0
NJ,2005-04-01,113.0
NJ,2005-07-01,77.0
NJ,2005-10-01,158.0
NJ,2006-01-01,67.0
NJ,2006-04-01,154.0
NJ,2006-07-01,78.0
NJ,2006-10-01,153.0
NJ,2007-01-01,100.0
NJ,2007-04-01,151.0
NJ,2007-07-01,93.0
NJ,2007-10-01,159.0
NJ,2008-01-01,104.0
NJ,2008-04-01,132.0
NJ,2008-07-01,111.0
NJ,2008-10-01,171.0
NJ,2009-01-01,176.0
NJ,2009-04-01,199.0
NJ,2009-07-01,159.0
NJ,2009-10-01,156.0
NJ,2010-01-01,131.0
NJ,2010-04-01,159.0
NJ,2010-07-01,166.0
NJ,2010-10-01,113.0
NJ,2011-01-01,147.0
NJ,2011-04-01,148.0
NJ,2011-07-01,144.0
NJ,2011-10-01,146.0
NJ,2012-01-01,98.0
NJ,2012-04-01,177.0
NJ,2012-07-01,86.0
NJ,2012-10-01,310.0
NJ,2013-01-01,101.0
NM,1998-01-01,9.0
NM,1998-04-01,23.0
NM,1998-07-01,4.0
NM,1998-10-01,3.0
NM,1999-01-01,13.0
NM,1999-04-01,13.0
NM,1999-07-01,0.0
NM,1999-10-01,0.0
NM,2000-01-01,7.0
NM,2000-04-01,11.0
NM,2000-07-01,0.0
NM,2000-10-01,8.0
NM,2001-01-01,7.0
NM,2001-04-01,14.0
NM,2001-07-01,5.0
NM,2001-10-01,4.0
NM,2002-01-01,7.0
NM,2002-04-01,7.0
NM,2002-07-01,6.0
NM,2002-10-01,12.0
NM,2003-01-01,8.0
NM,2003-04-01,20.0
NM,2003-07-01,3.0
NM,2003-10-01,7.0
NM,2004-01-01,9.0
NM,2004-04-01,18.0
NM,2004-07-01,0.0
NM,2004-10-01,9.0
NM,2005-01-01,8.0
NM,2005-04-01,16.0
NM,2005-07-01,5.0
NM,2005-10-01,10.0
NM,2006-01-01,3.0
NM,2006-04-01,14.0
NM,2006-07-01,3.0
NM,2006-10-01,21.0
NM,2007-01-01,10.0
NM,2007-04-01,22.0
NM,2007-07-01,9.0
NM,2007-10-01,7.0
NM,2008-01-01,9.0
NM,2008-04-01,21.0
NM,2008-07-01,9.0
NM,2008-10-01,30.0
NM,2009-01-01,35.0
NM,2009-04-01,42.0
NM,2009-07-01,16.0
NM,2009-10-01,30.0
NM,2010-01-01,23.0
NM,2010-04-01,29.0
NM,2010-07-01,4.0
NM,2010-10-01,23.0
NM,2011-01-01,14.0
NM,2011-04-01,27.0
NM,2011-07-01,14.0
NM,2011-10-01,23.0
NM,2012-01-01,18.0
NM,2012-04-01,19.0
NM,2012-07-01,7.0
NM,2012-10-01,24.0
NM,2013-01-01,5.0
NV,1998-01-01,28.0
NV,1998-04-01,18.0
NV,1998-07-01,12.0
NV,1998-10-01,30.0
NV,1999-01-01,26.0
NV,1999-04-01,37.0
NV,1999-07-01,29.0
NV,1999-10-01,56.0
NV,2000-01-01,56.0
NV,2000-04-01,32.0
NV,2000-07-01,46.0
NV,2000-10-01,80.0
NV,2001-01-01,63.0
NV,2001-04-01,35.0
NV,2001-07-01,77.0
NV,2001-10-01,71.0
NV,2002-01-01,51.0
NV,2002-04-01,32.0
NV,2002-07-01,35.0
NV,2002-10-01,60.0
NV,2003-01-01,30.0
NV,2003-04-01,41.0
NV,2003-07-01,33.0
NV,2003-10-01,44.0
NV,2004-01-01,30.0
NV,2004-04-01,23.0
NV,2004-07-01,22.0
NV,2004-10-01,46.0
NV,2005-01-01,44.0
NV,2005-04-01,21.0
NV,2005-07-01,30.0
NV,2005-10-01,43.0
NV,2006-01-01,25.0
NV,2006-04-01,25.0
NV,2006-07-01,20.0
NV,2006-10-01,41.0
NV,2007-01-01,24.0
NV,2007-04-01,31.0
NV,2007-07-01,29.0
NV,2007-10-01,51.0
NV,2008-01-01,45.0
NV,2008-04-01,47.0
NV,2008-07-01,56.0
NV,2008-10-01,103.0
NV,2009-01-01,103.0
NV,2009-04-01,96.0
NV,2009-07-01,82.0
NV,2009-10-01,88.0
NV,2010-01-01,68.0
NV,2010-04-01,52.0
NV,2010-07-01,40.0
NV,2010-10-01,80.0
NV,2011-01-01,24.0
NV,2011-04-01,48.0
NV,2011-07-01,34.0
NV,2011-10-01,50.0
NV,2012-01-01,28.0
NV,2012-04-01,42.0
NV,2012-07-01,22.0
NV,2012-10-01,60.0
NV,2013-01-01,31.0
NY,1998-01-01,88.0
NY,1998-04-01,86.0
NY,1998-07-01,141.0
NY,1998-10-01,131.0
NY,1999-01-01,72.0
NY,1999-04-01,37.0
NY,1999-07-01,146.0
NY,1999-10-01,56.0
NY,2000-01-01,51.0
NY,2000-04-01,39.0
NY,2000-07-01,79.0
NY,2000-10-01,75.0
NY,2001-01-01,62.0
NY,2001-04-01,77.0
NY,2001-07-01,169.0
NY,2001-10-01,133.0
NY,2002-01-01,72.0
NY,2002-04-01,246.0
NY,2002-07-01,223.0
NY,2002-10-01,224.0
NY,2003-01-01,270.0
NY,2003-04-01,247.0
NY,2003-07-01,224.0
NY,2003-10-01,191.0
NY,2004-01-01,247.0
NY,2004-04-01,196.0
NY,2004-07-01,198.0
NY,2004-10-01,195.0
NY,2005-01-01,256.0
NY,2005-04-01,182.0
NY,2005-07-01,189.0
NY,2005-10-01,179.0
NY,2006-01-01,195.0
NY,2006-04-01,186.0
NY,2006-07-01,158.0
NY,2006-10-01,178.0
NY,2007-01-01,173.0
NY,2007-04-01,192.0
NY,2007-07-01,186.0
NY,2007-10-01,182.0
NY,2008-01-01,223.0
NY,2008-04-01,197.0
NY,2008-07-01,233.0
NY,2008-10-01,244.0
NY,2009-01-01,431.0
NY,2009-04-01,377.0
NY,2009-07-01,290.0
NY,2009-10-01,269.0
NY,2010-01-01,348.0
NY,2010-04-01,231.0
NY,2010-07-01,312.0
NY,2010-10-01,230.0
NY,2011-01-01,301.0
NY,2011-04-01,264.0
NY,2011-07-01,304.0
NY,2011-10-01,227.0
NY,2012-01-01,311.0
NY,2012-04-01,316.0
NY,2012-07-01,246.0
NY,2012-10-01,378.0
NY,2013-01-01,204.0
OH,1998-01-01,190.0
OH,1998-04-01,138.0
OH,1998-07-01,153.0
OH,1998-10-01,154.0
OH,1999-01-01,181.0
OH,1999-04-01,118.0
OH,1999-07-01,114.0
OH,1999-10-01,114.0
OH,2000-01-01,164.0
OH,2000-04-01,95.0
OH,2000-07-01,165.0
OH,2000-10-01,229.0
OH,2001-01-01,255.0
OH,2001-04-01,202.0
OH,2001-07-01,207.0
OH,2001-10-01,299.0
OH,2002-01-01,260.0
OH,2002-04-01,196.0
OH,2002-07-01,179.0
OH,2002-10-01,266.0
OH,2003-01-01,237.0
OH,2003-04-01,202.0
OH,2003-07-01,216.0
OH,2003-10-01,258.0
OH,2004-01-01,218.0
OH,2004-04-01,150.0
OH,2004-07-01,161.0
OH,2004-10-01,170.0
OH,2005-01-01,197.0
OH,2005-04-01,184.0
OH,2005-07-01,162.0
OH,2005-10-01,218.0
OH,2006-01-01,105.0
OH,2006-04-01,142.0
OH,2006-07-01,141.0
OH,2006-10-01,220.0
OH,2007-01-01,145.0
OH,2007-04-01,157.0
OH,2007-07-01,144.0
OH,2007-10-01,270.0
OH,2008-01-01,165.0
OH,2008-04-01,189.0
OH,2008-07-01,211.0
OH,2008-10-01,462.0
OH,2009-01-01,383.0
OH,2009-04-01,354.0
OH,2009-07-01,243.0
OH,2009-10-01,225.0
OH,2010-01-01,214.0
OH,2010-04-01,166.0
OH,2010-07-01,136.0
OH,2010-10-01,196.0
OH,2011-01-01,145.0
OH,2011-04-01,192.0
OH,2011-07-01,129.0
OH,2011-10-01,202.0
OH,2012-01-01,140.0
OH,2012-04-01,121.0
OH,2012-07-01,116.0
OH,2012-10-01,206.0
OH,2013-01-01,123.0
OK,1998-01-01,16.0
OK,1998-04-01,9.0
OK,1998-07-01,18.0
OK,1998-10-01,27.0
OK,1999-01-01,19.0
OK,1999-04-01,21.0
OK,1999-07-01,12.0
OK,1999-10-01,17.0
OK,2000-01-01,18.0
OK,2000-04-01,8.0
OK,2000-07-01,8.0
OK,2000-10-01,22.0
OK,2001-01-01,28.0
OK,2001-04-01,27.0
OK,2001-07-01,23.0
OK,2001-10-01,44.0
OK,2002-01-01,33.0
OK,2002-04-01,14.0
OK,2002-07-01,25.0
OK,2002-10-01,44.0
OK,2003-01-01,32.0
OK,2003-04-01,42.0
OK,2003-07-01,20.0
OK,2003-10-01,27.0
OK,2004-01-01,26.0
OK,2004-04-01,19.0
OK,2004-07-01,10.0
OK,2004-10-01,28.0
OK,2005-01-01,21.0
OK,2005-04-01,9.0
OK,2005-07-01,7.0
OK,2005-10-01,16.0
OK,2006-01-01,15.0
OK,2006-04-01,4.0
OK,2006-07-01,11.0
OK,2006-10-01,20.0
OK,2007-01-01,24.0
OK,2007-04-01,13.0
OK,2007-07-01,9.0
OK,2007-10-01,19.0
OK,2008-01-01,10.0
OK,2008-04-01,9.0
OK,2008-07-01,10.0
OK,2008-10-01,44.0
OK,2009-01-01,57.0
OK,2009-04-01,38.0
OK,2009-07-01,28.0
OK,2009-10-01,27.0
OK,2010-01-01,24.0
OK,2010-04-01,17.0
OK,2010-07-01,8.0
OK,2010-10-01,18.0
OK,2011-01-01,25.0
OK,2011-04-01,21.0
OK,2011-07-01,6.0
OK,2011-10-01,24.0
OK,2012-01-01,11.0
OK,2012-04-01,13.0
OK,2012-07-01,10.0
OK,2012-10-01,19.0
OK,2013-01-01,6.0
OR,1998-01-01,75.0
OR,1998-04-01,53.0
OR,1998-07-01,48.0
OR,1998-10-01,79.0
OR,1999-01-01,65.0
OR,1999-04-01,55.0
OR,1999-07-01,45.0
OR,1999-10-01,79.0
OR,2000-01-01,80.0
OR,2000-04-01,62.0
OR,2000-07-01,56.0
OR,2000-10-01,79.0
OR,2001-01-01,103.0
OR,2001-04-01,89.0
OR,2001-07-01,80.0
OR,2001-10-01,138.0
OR,2002-01-01,90.0
OR,2002-04-01,79.0
OR,2002-07-01,81.0
OR,2002-10-01,118.0
OR,2003-01-01,131.0
OR,2003-04-01,64.0
OR,2003-07-01,56.0
OR,2003-10-01,91.0
OR,2004-01-01,96.0
OR,2004-04-01,63.0
OR,2004-07-01,32.0
OR,2004-10-01,83.0
OR,2005-01-01,64.0
OR,2005-04-01,54.0
OR,2005-07-01,26.0
OR,2005-10-01,53.0
OR,2006-01-01,52.0
OR,2006-04-01,58.0
OR,2006-07-01,44.0
OR,2006-10-01,92.0
OR,2007-01-01,62.0
OR,2007-04-01,62.0
OR,2007-07-01,48.0
OR,2007-10-01,86.0
OR,2008-01-01,78.0
OR,2008-04-01,68.0
OR,2008-07-01,74.0
OR,2008-10-01,147.0
OR,2009-01-01,161.0
OR,2009-04-01,127.0
OR,2009-07-01,85.0
OR,2009-10-01,99.0
OR,2010-01-01,72.0
OR,2010-04-01,87.0
OR,2010-07-01,67.0
OR,2010-10-01,75.0
OR,2011-01-01,65.0
OR,2011-04-01,74.0
OR,2011-07-01,51.0
OR,2011-10-01,91.0
OR,2012-01-01,58.0
OR,2012-04-01,62.0
OR,2012-07-01,43.0
OR,2012-10-01,79.0
OR,2013-01-01,49.0
PA,1998-01-01,391.0
PA,1998-04-01,292.0
PA,1998-07-01,260.0
PA,1998-10-01,364.0
PA,1999-01-01,313.0
PA,1999-04-01,285.0
PA,1999-07-01,206.0
PA,1999-10-01,243.0
PA,2000-01-01,313.0
PA,2000-04-01,269.0
PA,2000-07-01,186.0
PA,2000-10-01,382.0
PA,2001-01-01,342.0
PA,2001-04-01,345.0
PA,2001-07-01,364.0
PA,2001-10-01,547.0
PA,2002-01-01,335.0
PA,2002-04-01,290.0
PA,2002-07-01,223.0
PA,2002-10-01,336.0
PA,2003-01-01,367.0
PA,2003-04-01,344.0
PA,2003-07-01,226.0
PA,2003-10-01,296.0
PA,2004-01-01,268.0
PA,2004-04-01,237.0
PA,2004-07-01,217.0
PA,2004-10-01,264.0
PA,2005-01-01,269.0
PA,2005-04-01,222.0
PA,2005-07-01,216.0
PA,2005-10-01,382.0
PA,2006-01-01,188.0
PA,2006-04-01,268.0
PA,2006-07-01,205.0
PA,2006-10-01,332.0
PA,2007-01-01,259.0
PA,2007-04-01,311.0
PA,2007-07-01,167.0
PA,2007-10-01,444.0
PA,2008-01-01,335.0
PA,2008-04-01,323.0
PA,2008-07-01,232.0
PA,2008-10-01,525.0
PA,2009-01-01,602.0
PA,2009-04-01,589.0
PA,2009-07-01,431.0
PA,2009-10-01,440.0
PA,2010-01-01,389.0
PA,2010-04-01,334.0
PA,2010-07-01,210.0
PA,2010-10-01,366.0
PA,2011-01-01,350.0
PA,2011-04-01,326.0
PA,2011-07-01,298.0
PA,2011-10-01,358.0
PA,2012-01-01,273.0
PA,2012-04-01,300.0
PA,2012-07-01,237.0
PA,2012-10-01,402.0
PA,2013-01-01,261.0
RI,1998-01-01,21.0
RI,1998-04-01,9.0
RI,1998-07-01,4.0
RI,1998-10-01,7.0
RI,1999-01-01,19.0
RI,1999-04-01,14.0
RI,1999-07-01,11.0
RI,1999-10-01,9.0
RI,2000-01-01,27.0
RI,2000-04-01,9.0
RI,2000-07-01,3.0
RI,2000-10-01,24.0
RI,2001-01-01,16.0
RI,2001-04-01,23.0
RI,2001-07-01,9.0
RI,2001-10-01,29.0
RI,2002-01-01,17.0
RI,2002-04-01,16.0
RI,2002-07-01,9.0
RI,2002-10-01,21.0
RI,2003-01-01,4.0
RI,2003-04-01,12.0
RI,2003-07-01,3.0
RI,2003-10-01,12.0
RI,2004-01-01,15.0
RI,2004-04-01,14.0
RI,2004-07-01,4.0
RI,2004-10-01,11.0
RI,2005-01-01,17.0
RI,2005-04-01,19.0
RI,2005-07-01,4.0
RI,2005-10-01,17.0
RI,2006-01-01,13.0
RI,2006-04-01,18.0
RI,2006-07-01,4.0
RI,2006-10-01,11.0
RI,2007-01-01,14.0
RI,2007-04-01,18.0
RI,2007-07-01,6.0
RI,2007-10-01,13.0
RI,2008-01-01,22.0
RI,2008-04-01,22.0
RI,2008-07-01,5.0
RI,2008-10-01,10.0
RI,2009-01-01,35.0
RI,2009-04-01,25.0
RI,2009-07-01,18.0
RI,2009-10-01,12.0
RI,2010-01-01,20.0
RI,2010-04-01,29.0
RI,2010-07-01,6.0
RI,2010-10-01,10.0
RI,2011-01-01,18.0
RI,2011-04-01,19.0
RI,2011-07-01,8.0
RI,2011-10-01,13.0
RI,2012-01-01,12.0
RI,2012-04-01,24.0
RI,2012-07-01,7.0
RI,2012-10-01,13.0
RI,2013-01-01,11.0
SC,1998-01-01,74.0
SC,1998-04-01,56.0
SC,1998-07-01,115.0
SC,1998-10-01,124.0
SC,1999-01-01,84.0
SC,1999-04-01,80.0
SC,1999-07-01,104.0
SC,1999-10-01,66.0
SC,2000-01-01,66.0
SC,2000-04-01,46.0
SC,2000-07-01,68.0
SC,2000-10-01,108.0
SC,2001-01-01,80.0
SC,2001-04-01,105.0
SC,2001-07-01,134.0
SC,2001-10-01,133.0
SC,2002-01-01,79.0
SC,2002-04-01,64.0
SC,2002-07-01,72.0
SC,2002-10-01,149.0
SC,2003-01-01,76.0
SC,2003-04-01,31.0
SC,2003-07-01,32.0
SC,2003-10-01,31.0
SC,2004-01-01,32.0
SC,2004-04-01,32.0
SC,2004-07-01,57.0
SC,2004-10-01,34.0
SC,2005-01-01,22.0
SC,2005-04-01,44.0
SC,2005-07-01,34.0
SC,2005-10-01,42.0
SC,2006-01-01,25.0
SC,2006-04-01,32.0
SC,2006-07-01,34.0
SC,2006-10-01,49.0
SC,2007-01-01,31.0
SC,2007-04-01,39.0
SC,2007-07-01,37.0
SC,2007-10-01,70.0
SC,2008-01-01,39.0
SC,2008-04-01,45.0
SC,2008-07-01,57.0
SC,2008-10-01,143.0
SC,2009-01-01,183.0
SC,2009-04-01,129.0
SC,2009-07-01,97.0
SC,2009-10-01,84.0
SC,2010-01-01,92.0
SC,2010-04-01,60.0
SC,2010-07-01,54.0
SC,2010-10-01,66.0
SC,2011-01-01,53.0
SC,2011-04-01,53.0
SC,2011-07-01,68.0
SC,2011-10-01,51.0
SC,2012-01-01,47.0
SC,2012-04-01,39.0
SC,2012-07-01,49.0
SC,2012-10-01,52.0
SC,2013-01-01,68.0
SD,1998-01-01,3.0
SD,1998-04-01,0.0
SD,1998-07-01,0.0
SD,1998-10-01,0.0
SD,1999-01-01,3.0
SD,1999-04-01,3.0
SD,1999-07-01,0.0
SD,1999-10-01,0.0
SD,2000-01-01,0.0
SD,2000-04-01,0.0
SD,2000-07-01,0.0
SD,2000-10-01,3.0
SD,2001-01-01,6.0
SD,2001-04-01,0.0
SD,2001-07-01,0.0
SD,2001-10-01,3.0
SD,2002-01-01,0.0
SD,2002-04-01,5.0
SD,2002-07-01,0.0
SD,2002-10-01,0.0
SD,2003-01-01,0.0
SD,2003-04-01,4.0
SD,2003-07-01,0.0
SD,2003-10-01,0.0
SD,2004-01-01,0.0
SD,2004-04-01,3.0
SD,2004-07-01,0.0
SD,2004-10-01,0.0
SD,2005-01-01,3.0
SD,2005-04-01,3.0
SD,2005-07-01,0.0
SD,2005-10-01,4.0
SD,2006-01-01,0.0
SD,2006-04-01,0.0
SD,2006-07-01,0.0
SD,2006-10-01,0.0
SD,2007-01-01,0.0
SD,2007-04-01,0.0
SD,2007-07-01,0.0
SD,2007-10-01,0.0
SD,2008-01-01,0.0
SD,2008-04-01,0.0
SD,2008-07-01,0.0
SD,2008-10-01,6.0
SD,2009-01-01,15.0
SD,2009-04-01,0.0
SD,2009-07-01,0.0
SD,2009-10-01,0.0
SD,2010-01-01,0.0
SD,2010-04-01,0.0
SD,2010-07-01,0.0
SD,2010-10-01,0.0
SD,2011-01-01,0.0
SD,2011-04-01,0.0
SD,2011-07-01,0.0
SD,2011-10-01,0.0
SD,2012-01-01,0.0
SD,2012-04-01,0.0
SD,2012-07-01,0.0
SD,2012-10-01,0.0
SD,2013-01-01,0.0
TN,1998-01-01,42.0
TN,1998-04-01,29.0
TN,1998-07-01,22.0
TN,1998-10-01,28.0
TN,1999-01-01,46.0
TN,1999-04-01,29.0
TN,1999-07-01,24.0
TN,1999-10-01,29.0
TN,2000-01-01,37.0
TN,2000-04-01,38.0
TN,2000-07-01,23.0
TN,2000-10-01,46.0
TN,2001-01-01,53.0
TN,2001-04-01,53.0
TN,2001-07-01,38.0
TN,2001-10-01,59.0
TN,2002-01-01,60.0
TN,2002-04-01,45.0
TN,2002-07-01,38.0
TN,2002-10-01,44.0
TN,2003-01-01,51.0
TN,2003-04-01,52.0
TN,2003-07-01,38.0
TN,2003-10-01,27.0
TN,2004-01-01,58.0
TN,2004-04-01,43.0
TN,2004-07-01,35.0
TN,2004-10-01,38.0
TN,2005-01-01,47.0
TN,2005-04-01,48.0
TN,2005-07-01,28.0
TN,2005-10-01,43.0
TN,2006-01-01,35.0
TN,2006-04-01,49.0
TN,2006-07-01,26.0
TN,2006-10-01,50.0
TN,2007-01-01,31.0
TN,2007-04-01,52.0
TN,2007-07-01,21.0
TN,2007-10-01,43.0
TN,2008-01-01,35.0
TN,2008-04-01,51.0
TN,2008-07-01,47.0
TN,2008-10-01,108.0
TN,2009-01-01,156.0
TN,2009-04-01,91.0
TN,2009-07-01,46.0
TN,2009-10-01,54.0
TN,2010-01-01,61.0
TN,2010-04-01,62.0
TN,2010-07-01,38.0
TN,2010-10-01,45.0
TN,2011-01-01,46.0
TN,2011-04-01,48.0
TN,2011-07-01,45.0
TN,2011-10-01,42.0
TN,2012-01-01,36.0
TN,2012-04-01,50.0
TN,2012-07-01,27.0
TN,2012-10-01,47.0
TN,2013-01-01,35.0
TX,1998-01-01,149.0
TX,1998-04-01,190.0
TX,1998-07-01,150.0
TX,1998-10-01,240.0
TX,1999-01-01,209.0
TX,1999-04-01,216.0
TX,1999-07-01,193.0
TX,1999-10-01,170.0
TX,2000-01-01,153.0
TX,2000-04-01,182.0
TX,2000-07-01,135.0
TX,2000-10-01,201.0
TX,2001-01-01,191.0
TX,2001-04-01,268.0
TX,2001-07-01,242.0
TX,2001-10-01,307.0
TX,2002-01-01,250.0
TX,2002-04-01,293.0
TX,2002-07-01,252.0
TX,2002-10-01,260.0
TX,2003-01-01,226.0
TX,2003-04-01,268.0
TX,2003-07-01,206.0
TX,2003-10-01,187.0
TX,2004-01-01,170.0
TX,2004-04-01,173.0
TX,2004-07-01,145.0
TX,2004-10-01,153.0
TX,2005-01-01,116.0
TX,2005-04-01,131.0
TX,2005-07-01,131.0
TX,2005-10-01,113.0
TX,2006-01-01,72.0
TX,2006-04-01,111.0
TX,2006-07-01,87.0
TX,2006-10-01,116.0
TX,2007-01-01,88.0
TX,2007-04-01,122.0
TX,2007-07-01,96.0
TX,2007-10-01,125.0
TX,2008-01-01,106.0
TX,2008-04-01,163.0
TX,2008-07-01,180.0
TX,2008-10-01,245.0
TX,2009-01-01,361.0
TX,2009-04-01,302.0
TX,2009-07-01,191.0
TX,2009-10-01,210.0
TX,2010-01-01,190.0
TX,2010-04-01,213.0
TX,2010-07-01,138.0
TX,2010-10-01,181.0
TX,2011-01-01,140.0
TX,2011-04-01,203.0
TX,2011-07-01,143.0
TX,2011-10-01,164.0
TX,2012-01-01,134.0
TX,2012-04-01,174.0
TX,2012-07-01,129.0
TX,2012-10-01,190.0
TX,2013-01-01,126.0
UT,1998-01-01,0.0
UT,1998-04-01,7.0
UT,1998-07-01,5.0
UT,1998-10-01,10.0
UT,1999-01-01,0.0
UT,1999-04-01,7.0
UT,1999-07-01,5.0
UT,1999-10-01,13.0
UT,2000-01-01,7.0
UT,2000-04-01,3.0
UT,2000-07-01,3.0
UT,2000-10-01,19.0
UT,2001-01-01,15.0
UT,2001-04-01,14.0
UT,2001-07-01,7.0
UT,2001-10-01,27.0
UT,2002-01-01,18.0
UT,2002-04-01,15.0
UT,2002-07-01,0.0
UT,2002-10-01,11.0
UT,2003-01-01,0.0
UT,2003-04-01,8.0
UT,2003-07-01,0.0
UT,2003-10-01,6.0
UT,2004-01-01,9.0
UT,2004-04-01,9.0
UT,2004-07-01,5.0
UT,2004-10-01,4.0
UT,2005-01-01,6.0
UT,2005-04-01,14.0
UT,2005-07-01,0.0
UT,2005-10-01,14.0
UT,2006-01-01,4.0
UT,2006-04-01,12.0
UT,2006-07-01,0.0
UT,2006-10-01,9.0
UT,2007-01-01,7.0
UT,2007-04-01,7.0
UT,2007-07-01,6.0
UT,2007-10-01,17.0
UT,2008-01-01,7.0
UT,2008-04-01,14.0
UT,2008-07-01,3.0
UT,2008-10-01,31.0
UT,2009-01-01,44.0
UT,2009-04-01,28.0
UT,2009-07-01,7.0
UT,2009-10-01,29.0
UT,2010-01-01,15.0
UT,2010-04-01,22.0
UT,2010-07-01,10.0
UT,2010-10-01,26.0
UT,2011-01-01,16.0
UT,2011-04-01,24.0
UT,2011-07-01,8.0
UT,2011-10-01,20.0
UT,2012-01-01,15.0
UT,2012-04-01,15.0
UT,2012-07-01,4.0
UT,2012-10-01,21.0
UT,2013-01-01,14.0
VA,1998-01-01,67.0
VA,1998-04-01,49.0
VA,1998-07-01,70.0
VA,1998-10-01,72.0
VA,1999-01-01,64.0
VA,1999-04-01,39.0
VA,1999-07-01,57.0
VA,1999-10-01,40.0
VA,2000-01-01,73.0
VA,2000-04-01,42.0
VA,2000-07-01,56.0
VA,2000-10-01,100.0
VA,2001-01-01,58.0
VA,2001-04-01,56.0
VA,2001-07-01,59.0
VA,2001-10-01,102.0
VA,2002-01-01,60.0
VA,2002-04-01,60.0
VA,2002-07-01,58.0
VA,2002-10-01,85.0
VA,2003-01-01,51.0
VA,2003-04-01,66.0
VA,2003-07-01,48.0
VA,2003-10-01,64.0
VA,2004-01-01,42.0
VA,2004-04-01,41.0
VA,2004-07-01,33.0
VA,2004-10-01,40.0
VA,2005-01-01,52.0
VA,2005-04-01,29.0
VA,2005-07-01,37.0
VA,2005-10-01,52.0
VA,2006-01-01,25.0
VA,2006-04-01,25.0
VA,2006-07-01,38.0
VA,2006-10-01,55.0
VA,2007-01-01,35.0
VA,2007-04-01,38.0
VA,2007-07-01,22.0
VA,2007-10-01,39.0
VA,2008-01-01,30.0
VA,2008-04-01,22.0
VA,2008-07-01,17.0
VA,2008-10-01,47.0
VA,2009-01-01,37.0
VA,2009-04-01,122.0
VA,2009-07-01,78.0
VA,2009-10-01,93.0
VA,2010-01-01,89.0
VA,2010-04-01,65.0
VA,2010-07-01,55.0
VA,2010-10-01,81.0
VA,2011-01-01,65.0
VA,2011-04-01,69.0
VA,2011-07-01,66.0
VA,2011-10-01,103.0
VA,2012-01-01,48.0
VA,2012-04-01,61.0
VA,2012-07-01,55.0
VA,2012-10-01,81.0
VA,2013-01-01,58.0
VT,1998-01-01,0.0
VT,1998-04-01,0.0
VT,1998-07-01,0.0
VT,1998-10-01,0.0
VT,1999-01-01,0.0
VT,1999-04-01,0.0
VT,1999-07-01,0.0
VT,1999-10-01,6.0
VT,2000-01-01,3.0
VT,2000-04-01,13.0
VT,2000-07-01,4.0
VT,2000-10-01,14.0
VT,2001-01-01,7.0
VT,2001-04-01,11.0
VT,2001-07-01,6.0
VT,2001-10-01,22.0
VT,2002-01-01,7.0
VT,2002-04-01,12.0
VT,2002-07-01,3.0
VT,2002-10-01,11.0
VT,2003-01-01,3.0
VT,2003-04-01,13.0
VT,2003-07-01,0.0
VT,2003-10-01,10.0
VT,2004-01-01,5.0
VT,2004-04-01,10.0
VT,2004-07-01,0.0
VT,2004-10-01,8.0
VT,2005-01-01,6.0
VT,2005-04-01,12.0
VT,2005-07-01,0.0
VT,2005-10-01,19.0
VT,2006-01-01,8.0
VT,2006-04-01,22.0
VT,2006-07-01,3.0
VT,2006-10-01,15.0
VT,2007-01-01,8.0
VT,2007-04-01,22.0
VT,2007-07-01,4.0
VT,2007-10-01,14.0
VT,2008-01-01,12.0
VT,2008-04-01,25.0
VT,2008-07-01,3.0
VT,2008-10-01,15.0
VT,2009-01-01,25.0
VT,2009-04-01,31.0
VT,2009-07-01,10.0
VT,2009-10-01,26.0
VT,2010-01-01,10.0
VT,2010-04-01,22.0
VT,2010-07-01,0.0
VT,2010-10-01,13.0
VT,2011-01-01,14.0
VT,2011-04-01,24.0
VT,2011-07-01,4.0
VT,2011-10-01,11.0
VT,2012-01-01,11.0
VT,2012-04-01,19.0
VT,2012-07-01,0.0
VT,2012-10-01,15.0
VT,2013-01-01,8.0
WA,1998-01-01,38.0
WA,1998-04-01,42.0
WA,1998-07-01,35.0
WA,1998-10-01,85.0
WA,1999-01-01,73.0
WA,1999-04-01,58.0
WA,1999-07-01,30.0
WA,1999-10-01,47.0
WA,2000-01-01,31.0
WA,2000-04-01,35.0
WA,2000-07-01,23.0
WA,2000-10-01,85.0
WA,2001-01-01,57.0
WA,2001-04-01,69.0
WA,2001-07-01,64.0
WA,2001-10-01,75.0
WA,2002-01-01,69.0
WA,2002-04-01,71.0
WA,2002-07-01,61.0
WA,2002-10-01,97.0
WA,2003-01-01,66.0
WA,2003-04-01,71.0
WA,2003-07-01,46.0
WA,2003-10-01,77.0
WA,2004-01-01,48.0
WA,2004-04-01,56.0
WA,2004-07-01,35.0
WA,2004-10-01,76.0
WA,2005-01-01,48.0
WA,2005-04-01,55.0
WA,2005-07-01,41.0
WA,2005-10-01,69.0
WA,2006-01-01,45.0
WA,2006-04-01,42.0
WA,2006-07-01,40.0
WA,2006-10-01,73.0
WA,2007-01-01,43.0
WA,2007-04-01,49.0
WA,2007-07-01,32.0
WA,2007-10-01,65.0
WA,2008-01-01,45.0
WA,2008-04-01,59.0
WA,2008-07-01,43.0
WA,2008-10-01,113.0
WA,2009-01-01,87.0
WA,2009-04-01,82.0
WA,2009-07-01,69.0
WA,2009-10-01,87.0
WA,2010-01-01,50.0
WA,2010-04-01,50.0
WA,2010-07-01,43.0
WA,2010-10-01,87.0
WA,2011-01-01,52.0
WA,2011-04-01,61.0
WA,2011-07-01,40.0
WA,2011-10-01,76.0
WA,2012-01-01,50.0
WA,2012-04-01,54.0
WA,2012-07-01,32.0
WA,2012-10-01,96.0
WA,2013-01-01,59.0
WI,1998-01-01,209.0
WI,1998-04-01,144.0
WI,1998-07-01,129.0
WI,1998-10-01,218.0
WI,1999-01-01,198.0
WI,1999-04-01,138.0
WI,1999-07-01,99.0
WI,1999-10-01,172.0
WI,2000-01-01,195.0
WI,2000-04-01,125.0
WI,2000-07-01,108.0
WI,2000-10-01,279.0
WI,2001-01-01,191.0
WI,2001-04-01,204.0
WI,2001-07-01,196.0
WI,2001-10-01,402.0
WI,2002-01-01,186.0
WI,2002-04-01,181.0
WI,2002-07-01,160.0
WI,2002-10-01,355.0
WI,2003-01-01,200.0
WI,2003-04-01,186.0
WI,2003-07-01,174.0
WI,2003-10-01,264.0
WI,2004-01-01,186.0
WI,2004-04-01,138.0
WI,2004-07-01,105.0
WI,2004-10-01,201.0
WI,2005-01-01,199.0
WI,2005-04-01,131.0
WI,2005-07-01,128.0
WI,2005-10-01,244.0
WI,2006-01-01,140.0
WI,2006-04-01,124.0
WI,2006-07-01,119.0
WI,2006-10-01,267.0
WI,2007-01-01,172.0
WI,2007-04-01,131.0
WI,2007-07-01,143.0
WI,2007-10-01,254.0
WI,2008-01-01,152.0
WI,2008-04-01,158.0
WI,2008-07-01,165.0
WI,2008-10-01,342.0
WI,2009-01-01,345.0
WI,2009-04-01,304.0
WI,2009-07-01,236.0
WI,2009-10-01,300.0
WI,2010-01-01,223.0
WI,2010-04-01,180.0
WI,2010-07-01,147.0
WI,2010-10-01,233.0
WI,2011-01-01,180.0
WI,2011-04-01,167.0
WI,2011-07-01,161.0
WI,2011-10-01,239.0
WI,2012-01-01,137.0
WI,2012-04-01,137.0
WI,2012-07-01,93.0
WI,2012-10-01,186.0
WI,2013-01-01,120.0
WV,1998-01-01,3.0
WV,1998-04-01,3.0
WV,1998-07-01,3.0
WV,1998-10-01,8.0
WV,1999-01-01,0.0
WV,1999-04-01,0.0
WV,1999-07-01,0.0
WV,1999-10-01,0.0
WV,2000-01-01,8.0
WV,2000-04-01,0.0
WV,2000-07-01,4.0
WV,2000-10-01,0.0
WV,2001-01-01,3.0
WV,2001-04-01,0.0
WV,2001-07-01,3.0
WV,2001-10-01,3.0
WV,2002-01-01,14.0
WV,2002-04-01,7.0
WV,2002-07-01,3.0
WV,2002-10-01,8.0
WV,2003-01-01,3.0
WV,2003-04-01,3.0
WV,2003-07-01,0.0
WV,2003-10-01,8.0
WV,2004-01-01,3.0
WV,2004-04-01,3.0
WV,2004-07-01,0.0
WV,2004-10-01,6.0
WV,2005-01-01,0.0
WV,2005-04-01,3.0
WV,2005-07-01,0.0
WV,2005-10-01,0.0
WV,2006-01-01,0.0
WV,2006-04-01,3.0
WV,2006-07-01,3.0
WV,2006-10-01,4.0
WV,2007-01-01,0.0
WV,2007-04-01,4.0
WV,2007-07-01,0.0
WV,2007-10-01,7.0
WV,2008-01-01,3.0
WV,2008-04-01,3.0
WV,2008-07-01,0.0
WV,2008-10-01,6.0
WV,2009-01-01,14.0
WV,2009-04-01,25.0
WV,2009-07-01,4.0
WV,2009-10-01,7.0
WV,2010-01-01,5.0
WV,2010-04-01,9.0
WV,2010-07-01,0.0
WV,2010-10-01,5.0
WV,2011-01-01,3.0
WV,2011-04-01,8.0
WV,2011-07-01,0.0
WV,2011-10-01,0.0
WV,2012-01-01,3.0
WV,2012-04-01,5.0
WV,2012-07-01,4.0
WV,2012-10-01,12.0
WV,2013-01-01,0.0
WY,1998-01-01,0.0
WY,1998-04-01,0.0
WY,1998-07-01,0.0
WY,1998-10-01,0.0
WY,1999-01-01,0.0
WY,1999-04-01,0.0
WY,1999-07-01,0.0
WY,1999-10-01,0.0
WY,2000-01-01,0.0
WY,2000-04-01,0.0
WY,2000-07-01,0.0
WY,2000-10-01,0.0
WY,2001-01-01,0.0
WY,2001-04-01,0.0
WY,2001-07-01,0.0
WY,2001-10-01,0.0
WY,2002-01-01,0.0
WY,2002-04-01,0.0
WY,2002-07-01,0.0
WY,2002-10-01,0.0
WY,2003-01-01,0.0
WY,2003-04-01,0.0
WY,2003-07-01,0.0
WY,2003-10-01,0.0
WY,2004-01-01,0.0
WY,2004-04-01,0.0
WY,2004-07-01,0.0
WY,2004-10-01,0.0
WY,2005-01-01,0.0
WY,2005-04-01,0.0
WY,2005-07-01,0.0
WY,2005-10-01,0.0
WY,2006-01-01,0.0
WY,2006-04-01,0.0
WY,2006-07-01,0.0
WY,2006-10-01,0.0
WY,2007-01-01,0.0
WY,2007-04-01,0.0
WY,2007-07-01,0.0
WY,2007-10-01,0.0
WY,2008-01-01,0.0
WY,2008-04-01,0.0
WY,2008-07-01,0.0
WY,2008-10-01,0.0
WY,2009-01-01,0.0
WY,2009-04-01,0.0
WY,2009-07-01,0.0
WY,2009-10-01,4.0
WY,2010-01-01,0.0
WY,2010-04-01,0.0
WY,2010-07-01,0.0
WY,2010-10-01,4.0
WY,2011-01-01,0.0
WY,2011-04-01,0.0
WY,2011-07-01,0.0
WY,2011-10-01,3.0
WY,2012-01-01,0.0
WY,2012-04-01,0.0
WY,2012-07-01,0.0
WY,2012-10-01,0.0
WY,2013-01-01,0.0
