state,date,n_notices,workers_affected
AK,2006-01-01,1,100.0
AK,2006-04-01,3,424.0
AK,2006-07-01,0,0.0
AK,2006-10-01,0,0.0
AK,2007-01-01,0,0.0
AK,2007-04-01,0,0.0
AK,2007-07-01,1,140.0
AK,2007-10-01,0,0.0
AK,2008-01-01,0,0.0
AK,2008-04-01,0,0.0
AK,2008-07-01,0,0.0
AK,2008-10-01,1,130.0
AK,2009-01-01,0,0.0
AK,2009-04-01,0,0.0
AK,2009-07-01,0,0.0
AK,2009-10-01,0,0.0
AK,2010-01-01,1,109.0
AK,2010-04-01,0,0.0
AK,2010-07-01,0,0.0
AK,2010-10-01,0,0.0
AK,2011-01-01,0,0.0
AK,2011-04-01,0,0.0
AK,2011-07-01,0,0.0
AK,2011-10-01,0,0.0
AK,2012-01-01,0,0.0
AK,2012-04-01,2,180.0
AK,2012-07-01,0,0.0
AK,2012-10-01,2,411.0
AK,2013-01-01,0,0.0
AK,2013-04-01,1,75.0
AK,2013-07-01,0,0.0
AK,2013-10-01,0,0.0
AK,2014-01-01,0,0.0
AK,2014-04-01,0,0.0
AK,2014-07-01,0,0.0
AK,2014-10-01,0,0.0
AK,2015-01-01,0,0.0
AK,2015-04-01,0,0.0
AK,2015-07-01,0,0.0
AK,2015-10-01,1,134.0
AK,2016-01-01,4,356.0
AK,2016-04-01,0,0.0
AK,2016-07-01,0,0.0
AK,2016-10-01,0,0.0
AK,2017-01-01,0,0.0
AK,2017-04-01,2,296.0
AK,2017-07-01,0,0.0
AK,2017-10-01,2,217.0
AK,2018-01-01,3,505.0
AK,2018-04-01,1,101.0
AK,2018-07-01,1,74.0
AK,2018-10-01,0,0.0
AK,2019-01-01,0,0.0
AK,2019-04-01,1,173.0
AK,2019-07-01,0,0.0
AK,2019-10-01,2,505.0
AK,2020-01-01,3,674.0
AK,2020-04-01,13,1228.0
AK,2020-07-01,4,537.0
AK,2020-10-01,0,0.0
AK,2021-01-01,0,0.0
AK,2021-04-01,2,244.0
AK,2021-07-01,2,174.0
AL,1999-01-01,15,1793.0
AL,1999-04-01,13,3023.0
AL,1999-07-01,13,2492.0
AL,1999-10-01,6,1211.0
AL,2000-01-01,17,2455.0
AL,2000-04-01,13,1546.0
AL,2000-07-01,10,2847.0
AL,2000-10-01,19,4469.0
AL,2001-01-01,26,3477.0
AL,2001-04-01,18,2511.0
AL,2001-07-01,14,2834.0
AL,2001-10-01,23,5434.0
AL,2002-01-01,18,2974.0
AL,2002-04-01,9,1339.0
AL,2002-07-01,13,1658.0
AL,2002-10-01,9,1511.0
AL,2003-01-01,12,1207.0
AL,2003-04-01,12,1515.0
AL,2003-07-01,15,6729.0
AL,2003-10-01,14,3253.0
AL,2004-01-01,11,2683.0
AL,2004-04-01,7,1567.0
AL,2004-07-01,10,2145.0
AL,2004-10-01,8,2516.0
AL,2005-01-01,12,1818.0
AL,2005-04-01,8,730.0
AL,2005-07-01,8,1014.0
AL,2005-10-01,8,1661.0
AL,2006-01-01,10,1522.0
AL,2006-04-01,8,2452.0
AL,2006-07-01,10,3145.0
AL,2006-10-01,15,2411.0
AL,2007-01-01,11,1934.0
AL,2007-04-01,12,2107.0
AL,2007-07-01,9,2052.0
AL,2007-10-01,15,4249.0
AL,2008-01-01,10,1748.0
AL,2008-04-01,9,1676.0
AL,2008-07-01,4,634.0
AL,2008-10-01,14,3298.0
AL,2009-01-01,26,3147.0
AL,2009-04-01,18,3605.0
AL,2009-07-01,19,3688.0
AL,2009-10-01,7,959.0
AL,2010-01-01,9,1431.0
AL,2010-04-01,6,513.0
AL,2010-07-01,7,1572.0
AL,2010-10-01,11,866.0
AL,2011-01-01,13,3123.0
AL,2011-04-01,13,1121.0
AL,2011-07-01,5,819.0
AL,2011-10-01,5,952.0
AL,2012-01-01,9,2124.0
AL,2012-04-01,10,939.0
AL,2012-07-01,3,456.0
AL,2012-10-01,7,938.0
AL,2013-01-01,11,1580.0
AL,2013-04-01,13,1875.0
AL,2013-07-01,11,3107.0
AL,2013-10-01,5,1410.0
AL,2014-01-01,2,381.0
AL,2014-04-01,6,2100.0
AL,2014-07-01,4,387.0
AL,2014-10-01,4,432.0
AL,2015-01-01,13,3167.0
AL,2015-04-01,2,191.0
AL,2015-07-01,4,839.0
AL,2015-10-01,11,1446.0
AL,2016-01-01,4,797.0
AL,2016-04-01,9,1600.0
AL,2016-07-01,3,420.0
AL,2016-10-01,3,392.0
AL,2017-01-01,1,332.0
AL,2017-04-01,3,301.0
AL,2017-07-01,3,984.0
AL,2017-10-01,4,499.0
AL,2018-01-01,11,1801.0
AL,2018-04-01,6,939.0
AL,2018-07-01,7,639.0
AL,2018-10-01,3,435.0
AL,2019-01-01,4,622.0
AL,2019-04-01,6,552.0
AL,2019-07-01,5,439.0
AL,2019-10-01,2,234.0
AL,2020-01-01,8,1062.0
AL,2020-04-01,12,2198.0
AL,2020-07-01,11,1904.0
AL,2020-10-01,4,315.0
AL,2021-01-01,2,345.0
AL,2021-04-01,2,109.0
AL,2021-07-01,4,365.0
AL,2021-10-01,0,0.0
AL,2022-01-01,2,133.0
AZ,2010-04-01,4,1189.0
AZ,2010-07-01,8,1607.0
AZ,2010-10-01,9,1087.0
AZ,2011-01-01,4,296.0
AZ,2011-04-01,7,903.0
AZ,2011-07-01,11,867.0
AZ,2011-10-01,7,778.0
AZ,2012-01-01,10,814.0
AZ,2012-04-01,9,1039.0
AZ,2012-07-01,7,572.0
AZ,2012-10-01,11,2603.0
AZ,2013-01-01,4,434.0
AZ,2013-04-01,5,442.0
AZ,2013-07-01,13,2340.0
AZ,2013-10-01,6,347.0
AZ,2014-01-01,9,1167.0
AZ,2014-04-01,6,1239.0
AZ,2014-07-01,7,611.0
AZ,2014-10-01,10,3166.0
AZ,2015-01-01,4,349.0
AZ,2015-04-01,9,1074.0
AZ,2015-07-01,11,1405.0
AZ,2015-10-01,5,1334.0
AZ,2016-01-01,7,998.0
AZ,2016-04-01,6,968.0
AZ,2016-07-01,4,237.0
AZ,2016-10-01,6,761.0
AZ,2017-01-01,10,557.0
AZ,2017-04-01,6,431.0
AZ,2017-07-01,3,102.0
AZ,2017-10-01,5,715.0
AZ,2018-01-01,7,789.0
AZ,2018-04-01,13,1550.0
AZ,2018-07-01,9,532.0
AZ,2018-10-01,5,611.0
AZ,2019-01-01,22,1791.0
AZ,2019-04-01,15,1840.0
AZ,2019-07-01,12,974.0
AZ,2019-10-01,23,3044.0
AZ,2020-01-01,65,10294.0
AZ,2020-04-01,142,21889.0
AZ,2020-07-01,13,2396.0
AZ,2020-10-01,10,1062.0
AZ,2021-01-01,4,285.0
AZ,2021-04-01,4,997.0
AZ,2021-07-01,3,431.0
AZ,2021-10-01,5,689.0
AZ,2022-01-01,3,280.0
AZ,2022-04-01,0,0.0
AZ,2022-07-01,0,0.0
AZ,2022-10-01,0,0.0
AZ,2023-01-01,0,0.0
AZ,2023-04-01,0,0.0
AZ,2023-07-01,0,0.0
AZ,2023-10-01,0,0.0
AZ,2024-01-01,0,0.0
AZ,2024-04-01,17,0.0
AZ,2024-07-01,18,0.0
AZ,2024-10-01,13,0.0
AZ,2025-01-01,26,0.0
AZ,2025-04-01,28,0.0
AZ,2025-07-01,27,0.0
AZ,2025-10-01,10,3402.0
AZ,2026-01-01,13,560.0
AZ,2026-04-01,7,844.0
CA,2008-07-01,1,5.0
CA,2008-10-01,0,0.0
CA,2009-01-01,0,0.0
CA,2009-04-01,0,0.0
CA,2009-07-01,0,0.0
CA,2009-10-01,0,0.0
CA,2010-01-01,0,0.0
CA,2010-04-01,0,0.0
CA,2010-07-01,0,0.0
CA,2010-10-01,0,0.0
CA,2011-01-01,0,0.0
CA,2011-04-01,0,0.0
CA,2011-07-01,0,0.0
CA,2011-10-01,0,0.0
CA,2012-01-01,0,0.0
CA,2012-04-01,0,0.0
CA,2012-07-01,0,0.0
CA,2012-10-01,0,0.0
CA,2013-01-01,0,0.0
CA,2013-04-01,0,0.0
CA,2013-07-01,0,0.0
CA,2013-10-01,0,0.0
CA,2014-01-01,2,76.0
CA,2014-04-01,2,103.0
CA,2014-07-01,125,14467.0
CA,2014-10-01,123,11364.0
CA,2015-01-01,147,13948.0
CA,2015-04-01,142,13488.0
CA,2015-07-01,134,12193.0
CA,2015-10-01,129,16946.0
CA,2016-01-01,144,13398.0
CA,2016-04-01,130,13422.0
CA,2016-07-01,108,11406.0
CA,2016-10-01,101,10671.0
CA,2017-01-01,132,14428.0
CA,2017-04-01,114,10212.0
CA,2017-07-01,125,11686.0
CA,2017-10-01,118,13251.0
CA,2018-01-01,132,15408.0
CA,2018-04-01,124,13968.0
CA,2018-07-01,104,10977.0
CA,2018-10-01,147,15257.0
CA,2019-01-01,156,15160.0
CA,2019-04-01,169,13022.0
CA,2019-07-01,119,0.0
CA,2019-10-01,135,330.0
CA,2020-01-01,2003,11392.0
CA,2020-04-01,2557,38246.0
CA,2020-07-01,629,57184.0
CA,2020-10-01,497,38668.0
CA,2021-01-01,190,15675.0
CA,2021-04-01,108,8413.0
CA,2021-07-01,102,7922.0
CA,2021-10-01,113,8822.0
CA,2022-01-01,94,7118.0
CA,2022-04-01,104,6764.0
CA,2022-07-01,126,11947.0
CA,2022-10-01,225,15641.0
CA,2023-01-01,259,22882.0
CA,2023-04-01,214,15800.0
CA,2023-07-01,173,11117.0
CA,2023-10-01,251,15842.0
CA,2024-01-01,245,18333.0
CA,2024-04-01,241,15895.0
CA,2024-07-01,156,13150.0
CA,2024-10-01,171,13184.0
CA,2025-01-01,197,16314.0
CA,2025-04-01,345,17248.0
CA,2025-07-01,368,19666.0
CA,2025-10-01,388,18713.0
CA,2026-01-01,352,20941.0
CA,2026-04-01,170,6939.0
CO,2023-10-01,1,0.0
CO,2024-01-01,21,0.0
CO,2024-04-01,16,0.0
CO,2024-07-01,13,0.0
CO,2024-10-01,12,0.0
CO,2025-01-01,13,0.0
CO,2025-04-01,14,0.0
CO,2025-07-01,17,1027.0
CO,2025-10-01,17,1366.0
CO,2026-01-01,7,1038.0
CT,2015-04-01,2,23.0
CT,2015-07-01,12,1086.0
CT,2015-10-01,7,1134.0
CT,2016-01-01,11,1560.0
CT,2016-04-01,20,1751.0
CT,2016-07-01,7,168.0
CT,2016-10-01,12,1003.0
CT,2017-01-01,9,286.0
CT,2017-04-01,9,795.0
CT,2017-07-01,8,413.0
CT,2017-10-01,11,707.0
CT,2018-01-01,6,488.0
CT,2018-04-01,12,1227.0
CT,2018-07-01,7,634.0
CT,2018-10-01,10,806.0
CT,2019-01-01,4,329.0
CT,2019-04-01,7,578.0
CT,2019-07-01,6,578.0
CT,2019-10-01,9,286.0
CT,2020-01-01,29,3086.0
CT,2020-04-01,46,4911.0
CT,2020-07-01,22,1773.0
CT,2020-10-01,16,975.0
CT,2021-01-01,8,706.0
CT,2021-04-01,3,223.0
CT,2021-07-01,2,859.0
CT,2021-10-01,3,274.0
CT,2022-01-01,1,26.0
DC,2018-01-01,1,243.0
DC,2018-04-01,1,89.0
DC,2018-07-01,1,14.0
DC,2018-10-01,1,898.0
DC,2019-01-01,1,55.0
DC,2019-04-01,0,0.0
DC,2019-07-01,6,514.0
DC,2019-10-01,2,248.0
DC,2020-01-01,10,1367.0
DC,2020-04-01,17,5623.0
DC,2020-07-01,18,3329.0
DC,2020-10-01,6,2623.0
DC,2021-01-01,2,264.0
DC,2021-04-01,0,0.0
DC,2021-07-01,0,0.0
DC,2021-10-01,0,0.0
DC,2022-01-01,1,42.0
DE,2007-01-01,1,400.0
DE,2007-04-01,0,0.0
DE,2007-07-01,0,0.0
DE,2007-10-01,0,0.0
DE,2008-01-01,0,0.0
DE,2008-04-01,0,0.0
DE,2008-07-01,0,0.0
DE,2008-10-01,4,2145.0
DE,2009-01-01,10,953.0
DE,2009-04-01,7,765.0
DE,2009-07-01,3,187.0
DE,2009-10-01,1,550.0
DE,2010-01-01,0,0.0
DE,2010-04-01,2,600.0
DE,2010-07-01,0,0.0
DE,2010-10-01,0,0.0
DE,2011-01-01,3,1333.0
DE,2011-04-01,0,0.0
DE,2011-07-01,0,0.0
DE,2011-10-01,1,150.0
DE,2012-01-01,1,40.0
DE,2012-04-01,0,0.0
DE,2012-07-01,2,426.0
DE,2012-10-01,1,21.0
DE,2013-01-01,0,0.0
DE,2013-04-01,1,1200.0
DE,2013-07-01,0,0.0
DE,2013-10-01,2,470.0
DE,2014-01-01,0,0.0
DE,2014-04-01,0,0.0
DE,2014-07-01,0,0.0
DE,2014-10-01,1,58.0
DE,2015-01-01,2,155.0
DE,2015-04-01,0,0.0
DE,2015-07-01,2,334.0
DE,2015-10-01,1,1700.0
DE,2016-01-01,3,220.0
DE,2016-04-01,1,151.0
DE,2016-07-01,0,0.0
DE,2016-10-01,1,120.0
DE,2017-01-01,3,342.0
DE,2017-04-01,1,215.0
DE,2017-07-01,0,0.0
DE,2017-10-01,3,327.0
DE,2018-01-01,1,86.0
DE,2018-04-01,1,66.0
DE,2018-07-01,2,119.0
DE,2018-10-01,1,14.0
DE,2019-01-01,0,0.0
DE,2019-04-01,1,525.0
DE,2019-07-01,4,128.0
DE,2019-10-01,1,80.0
DE,2020-01-01,16,2510.0
DE,2020-04-01,5,883.0
DE,2020-07-01,3,823.0
DE,2020-10-01,0,0.0
DE,2021-01-01,1,67.0
DE,2021-04-01,2,194.0
FL,2017-01-01,49,4875.0
FL,2017-04-01,36,2977.0
FL,2017-07-01,28,2892.0
FL,2017-10-01,26,3327.0
FL,2018-01-01,34,4658.0
FL,2018-04-01,22,3687.0
FL,2018-07-01,37,5505.0
FL,2018-10-01,32,4036.0
FL,2019-01-01,38,3311.0
FL,2019-04-01,39,3179.0
FL,2019-07-01,39,3049.0
FL,2019-10-01,35,3462.0
FL,2020-01-01,190,17127.0
FL,2020-04-01,687,86960.0
FL,2020-07-01,337,56549.0
FL,2020-10-01,112,20806.0
FL,2021-01-01,33,3511.0
FL,2021-04-01,26,3375.0
FL,2021-07-01,15,2015.0
FL,2021-10-01,32,3469.0
FL,2022-01-01,14,1335.0
FL,2022-04-01,0,0.0
FL,2022-07-01,0,0.0
FL,2022-10-01,0,0.0
FL,2023-01-01,0,0.0
FL,2023-04-01,0,0.0
FL,2023-07-01,0,0.0
FL,2023-10-01,0,0.0
FL,2024-01-01,0,0.0
FL,2024-04-01,0,0.0
FL,2024-07-01,0,0.0
FL,2024-10-01,0,0.0
FL,2025-01-01,0,0.0
FL,2025-04-01,0,0.0
FL,2025-07-01,29,0.0
FL,2025-10-01,30,0.0
FL,2026-01-01,32,1243.0
FL,2026-04-01,8,1497.0
GA,1989-07-01,11,1199.0
GA,1989-10-01,7,1113.0
GA,1990-01-01,9,2948.0
GA,1990-04-01,3,2378.0
GA,1990-07-01,5,906.0
GA,1990-10-01,0,0.0
GA,1991-01-01,0,0.0
GA,1991-04-01,3,196.0
GA,1991-07-01,21,10846.0
GA,1991-10-01,0,0.0
GA,1992-01-01,0,0.0
GA,1992-04-01,0,0.0
GA,1992-07-01,4,370.0
GA,1992-10-01,19,2092.0
GA,1993-01-01,7,1097.0
GA,1993-04-01,5,956.0
GA,1993-07-01,6,417.0
GA,1993-10-01,3,470.0
GA,1994-01-01,0,0.0
GA,1994-04-01,0,0.0
GA,1994-07-01,14,5717.0
GA,1994-10-01,23,3676.0
GA,1995-01-01,10,2350.0
GA,1995-04-01,45,7985.0
GA,1995-07-01,24,3664.0
GA,1995-10-01,29,3921.0
GA,1996-01-01,39,4629.0
GA,1996-04-01,35,5473.0
GA,1996-07-01,26,3879.0
GA,1996-10-01,35,3981.0
GA,1997-01-01,41,6267.0
GA,1997-04-01,18,2341.0
GA,1997-07-01,25,3699.0
GA,1997-10-01,18,2802.0
GA,1998-01-01,34,5558.0
GA,1998-04-01,31,3580.0
GA,1998-07-01,23,3997.0
GA,1998-10-01,24,3542.0
GA,1999-01-01,29,6268.0
GA,1999-04-01,28,3589.0
GA,1999-07-01,27,4412.0
GA,1999-10-01,21,3108.0
GA,2000-01-01,320,38281.0
GA,2000-04-01,316,42651.0
GA,2000-07-01,25,6073.0
GA,2000-10-01,23,4608.0
GA,2001-01-01,55,8459.0
GA,2001-04-01,34,7284.0
GA,2001-07-01,45,6146.0
GA,2001-10-01,54,11746.0
GA,2002-01-01,43,5179.0
GA,2002-04-01,28,3303.0
GA,2002-07-01,33,3911.0
GA,2002-10-01,37,7070.0
GA,2003-01-01,43,7695.0
GA,2003-04-01,20,4056.0
GA,2003-07-01,27,3133.0
GA,2003-10-01,20,2042.0
GA,2004-01-01,28,4128.0
GA,2004-04-01,22,3975.0
GA,2004-07-01,22,2453.0
GA,2004-10-01,28,3886.0
GA,2005-01-01,27,3006.0
GA,2005-04-01,47,4456.0
GA,2005-07-01,95,6819.0
GA,2005-10-01,31,2560.0
GA,2006-01-01,31,5004.0
GA,2006-04-01,24,3665.0
GA,2006-07-01,28,3429.0
GA,2006-10-01,25,3014.0
GA,2007-01-01,40,3615.0
GA,2007-04-01,22,1943.0
GA,2007-07-01,36,3818.0
GA,2007-10-01,21,2275.0
GA,2008-01-01,33,3750.0
GA,2008-04-01,25,2632.0
GA,2008-07-01,42,4570.0
GA,2008-10-01,57,7374.0
GA,2009-01-01,54,11504.0
GA,2009-04-01,45,4681.0
GA,2009-07-01,25,3833.0
GA,2009-10-01,27,2512.0
GA,2010-01-01,25,2579.0
GA,2010-04-01,16,2759.0
GA,2010-07-01,23,2739.0
GA,2010-10-01,19,1611.0
GA,2011-01-01,25,2577.0
GA,2011-04-01,15,1739.0
GA,2011-07-01,21,2619.0
GA,2011-10-01,21,2663.0
GA,2012-01-01,27,3265.0
GA,2012-04-01,15,1769.0
GA,2012-07-01,19,1190.0
GA,2012-10-01,9,537.0
GA,2013-01-01,28,3349.0
GA,2013-04-01,9,1139.0
GA,2013-07-01,19,1108.0
GA,2013-10-01,26,2659.0
GA,2014-01-01,20,1699.0
GA,2014-04-01,23,3080.0
GA,2014-07-01,34,3605.0
GA,2014-10-01,19,1577.0
GA,2015-01-01,23,3034.0
GA,2015-04-01,30,3815.0
GA,2015-07-01,15,1758.0
GA,2015-10-01,21,3169.0
GA,2016-01-01,31,2927.0
GA,2016-04-01,22,2793.0
GA,2016-07-01,12,1186.0
GA,2016-10-01,21,1852.0
GA,2017-01-01,20,1867.0
GA,2017-04-01,21,2314.0
GA,2017-07-01,18,1147.0
GA,2017-10-01,17,2915.0
GA,2018-01-01,20,1658.0
GA,2018-04-01,24,2994.0
GA,2018-07-01,21,2797.0
GA,2018-10-01,19,2072.0
GA,2019-01-01,19,3287.0
GA,2019-04-01,24,4497.0
GA,2019-07-01,15,1505.0
GA,2019-10-01,23,2253.0
GA,2020-01-01,213,17410.0
GA,2020-04-01,102,9231.0
GA,2020-07-01,54,4575.0
GA,2020-10-01,20,1955.0
GA,2021-01-01,21,2797.0
GA,2021-04-01,18,2352.0
GA,2021-07-01,10,749.0
GA,2021-10-01,13,1389.0
GA,2022-01-01,14,2304.0
GA,2022-04-01,12,903.0
GA,2022-07-01,15,1603.0
GA,2022-10-01,18,4084.0
GA,2023-01-01,10,583.0
GA,2023-04-01,1,219.0
GA,2023-07-01,0,0.0
GA,2023-10-01,0,0.0
GA,2024-01-01,0,0.0
GA,2024-04-01,16,0.0
GA,2024-07-01,31,0.0
GA,2024-10-01,14,0.0
GA,2025-01-01,20,0.0
GA,2025-04-01,16,0.0
GA,2025-07-01,29,0.0
GA,2025-10-01,25,1506.0
GA,2026-01-01,33,5157.0
GA,2026-04-01,3,129.0
HI,2019-01-01,7,0.0
HI,2019-04-01,5,0.0
HI,2019-07-01,3,0.0
HI,2019-10-01,11,0.0
HI,2020-01-01,46,0.0
HI,2020-04-01,79,0.0
HI,2020-07-01,106,0.0
HI,2020-10-01,29,0.0
HI,2021-01-01,13,0.0
HI,2021-04-01,3,0.0
HI,2021-07-01,4,0.0
HI,2021-10-01,1,0.0
HI,2022-01-01,6,0.0
HI,2022-04-01,3,0.0
HI,2022-07-01,15,0.0
HI,2022-10-01,9,0.0
HI,2023-01-01,5,0.0
HI,2023-04-01,10,0.0
HI,2023-07-01,6,0.0
HI,2023-10-01,4,0.0
HI,2024-01-01,12,0.0
HI,2024-04-01,8,0.0
HI,2024-07-01,5,0.0
HI,2024-10-01,5,0.0
HI,2025-01-01,9,0.0
HI,2025-04-01,6,0.0
HI,2025-07-01,9,0.0
HI,2025-10-01,7,0.0
HI,2026-01-01,10,0.0
HI,2026-04-01,2,0.0
IA,2011-01-01,12,1586.0
IA,2011-04-01,9,619.0
IA,2011-07-01,7,497.0
IA,2011-10-01,5,213.0
IA,2012-01-01,7,560.0
IA,2012-04-01,4,691.0
IA,2012-07-01,10,788.0
IA,2012-10-01,5,308.0
IA,2013-01-01,3,258.0
IA,2013-04-01,9,190.0
IA,2013-07-01,3,18.0
IA,2013-10-01,3,48.0
IA,2014-01-01,7,429.0
IA,2014-04-01,7,897.0
IA,2014-07-01,7,507.0
IA,2014-10-01,11,356.0
IA,2015-01-01,11,1470.0
IA,2015-04-01,19,2448.0
IA,2015-07-01,17,1711.0
IA,2015-10-01,5,337.0
IA,2016-01-01,18,1391.0
IA,2016-04-01,36,1162.0
IA,2016-07-01,27,1184.0
IA,2016-10-01,11,1474.0
IA,2017-01-01,10,530.0
IA,2017-04-01,18,1091.0
IA,2017-07-01,11,546.0
IA,2017-10-01,12,1024.0
IA,2018-01-01,15,1700.0
IA,2018-04-01,21,1005.0
IA,2018-07-01,18,444.0
IA,2018-10-01,13,927.0
IA,2019-01-01,16,1006.0
IA,2019-04-01,16,1862.0
IA,2019-07-01,12,515.0
IA,2019-10-01,19,822.0
IA,2020-01-01,11,1036.0
IA,2020-04-01,23,2154.0
IA,2020-07-01,19,1601.0
IA,2020-10-01,5,241.0
IA,2021-01-01,13,727.0
IA,2021-04-01,7,947.0
IA,2021-07-01,5,213.0
IA,2021-10-01,5,1106.0
IA,2022-01-01,2,83.0
ID,2009-01-01,7,2479.0
ID,2009-04-01,2,143.0
ID,2009-07-01,3,180.0
ID,2009-10-01,2,94.0
ID,2010-01-01,3,322.0
ID,2010-04-01,0,0.0
ID,2010-07-01,0,0.0
ID,2010-10-01,0,0.0
ID,2011-01-01,0,0.0
ID,2011-04-01,1,522.0
ID,2011-07-01,0,0.0
ID,2011-10-01,1,250.0
ID,2012-01-01,1,200.0
ID,2012-04-01,4,432.0
ID,2012-07-01,1,107.0
ID,2012-10-01,2,116.0
ID,2013-01-01,1,49.0
ID,2013-04-01,0,0.0
ID,2013-07-01,3,512.0
ID,2013-10-01,4,439.0
ID,2014-01-01,6,2955.0
ID,2014-04-01,2,501.0
ID,2014-07-01,2,595.0
ID,2014-10-01,3,563.0
ID,2015-01-01,3,246.0
ID,2015-04-01,1,65.0
ID,2015-07-01,3,300.0
ID,2015-10-01,2,215.0
ID,2016-01-01,0,0.0
ID,2016-04-01,13,407.0
ID,2016-07-01,2,240.0
ID,2016-10-01,2,285.0
ID,2017-01-01,1,6.0
ID,2017-04-01,2,87.0
ID,2017-07-01,1,45.0
ID,2017-10-01,3,320.0
ID,2018-01-01,2,271.0
ID,2018-04-01,1,103.0
ID,2018-07-01,4,882.0
ID,2018-10-01,1,175.0
ID,2019-01-01,0,0.0
ID,2019-04-01,0,0.0
ID,2019-07-01,2,120.0
ID,2019-10-01,1,218.0
ID,2020-01-01,1,89.0
ID,2020-04-01,9,948.0
ID,2020-07-01,4,318.0
ID,2020-10-01,1,79.0
ID,2021-01-01,1,370.0
ID,2021-04-01,1,302.0
ID,2021-07-01,1,86.0
IL,2018-01-01,1,0.0
IL,2018-04-01,0,0.0
IL,2018-07-01,0,0.0
IL,2018-10-01,0,0.0
IL,2019-01-01,8,559.0
IL,2019-04-01,4,0.0
IL,2019-07-01,0,0.0
IL,2019-10-01,3,0.0
IL,2020-01-01,27,0.0
IL,2020-04-01,252,61.0
IL,2020-07-01,169,175.0
IL,2020-10-01,80,0.0
IL,2021-01-01,27,0.0
IL,2021-04-01,24,3.0
IL,2021-07-01,21,2146.0
IL,2021-10-01,20,985.0
IL,2022-01-01,10,0.0
IL,2022-04-01,29,0.0
IL,2022-07-01,17,0.0
IL,2022-10-01,21,0.0
IL,2023-01-01,26,0.0
IL,2023-04-01,39,0.0
IL,2023-07-01,43,0.0
IL,2023-10-01,31,0.0
IL,2024-01-01,28,0.0
IL,2024-04-01,45,93.0
IL,2024-07-01,28,0.0
IL,2024-10-01,40,0.0
IL,2025-01-01,52,365.0
IL,2025-04-01,52,96.0
IL,2025-07-01,35,1551.0
IL,2025-10-01,32,3242.0
IL,2026-01-01,54,7067.0
IL,2026-04-01,11,1205.0
IN,2008-07-01,18,3602.0
IN,2008-10-01,39,6886.0
IN,2009-01-01,50,8192.0
IN,2009-04-01,38,7937.0
IN,2009-07-01,15,1326.0
IN,2009-10-01,18,2199.0
IN,2010-01-01,16,1384.0
IN,2010-04-01,9,1238.0
IN,2010-07-01,12,1228.0
IN,2010-10-01,12,2697.0
IN,2011-01-01,12,1189.0
IN,2011-04-01,9,1094.0
IN,2011-07-01,15,1648.0
IN,2011-10-01,20,1900.0
IN,2012-01-01,10,900.0
IN,2012-04-01,39,3664.0
IN,2012-07-01,12,1816.0
IN,2012-10-01,11,1328.0
IN,2013-01-01,14,1318.0
IN,2013-04-01,15,3732.0
IN,2013-07-01,17,2427.0
IN,2013-10-01,14,1233.0
IN,2014-01-01,11,1012.0
IN,2014-04-01,10,874.0
IN,2014-07-01,11,2199.0
IN,2014-10-01,11,847.0
IN,2015-01-01,18,2305.0
IN,2015-04-01,8,785.0
IN,2015-07-01,10,1365.0
IN,2015-10-01,8,1601.0
IN,2016-01-01,11,1355.0
IN,2016-04-01,6,1095.0
IN,2016-07-01,15,1478.0
IN,2016-10-01,12,1669.0
IN,2017-01-01,17,2996.0
IN,2017-04-01,16,3850.0
IN,2017-07-01,12,1605.0
IN,2017-10-01,11,995.0
IN,2018-01-01,16,2833.0
IN,2018-04-01,11,988.0
IN,2018-07-01,11,1163.0
IN,2018-10-01,7,902.0
IN,2019-01-01,6,1023.0
IN,2019-04-01,8,1592.0
IN,2019-07-01,14,1784.0
IN,2019-10-01,4,578.0
IN,2020-01-01,46,7409.0
IN,2020-04-01,69,21283.0
IN,2020-07-01,31,3817.0
IN,2020-10-01,17,2736.0
IN,2021-01-01,8,548.0
IN,2021-04-01,9,649.0
IN,2021-07-01,4,342.0
IN,2021-10-01,6,712.0
IN,2022-01-01,7,197.0
IN,2022-04-01,6,0.0
IN,2022-07-01,9,0.0
IN,2022-10-01,10,0.0
IN,2023-01-01,10,0.0
IN,2023-04-01,8,0.0
IN,2023-07-01,17,0.0
IN,2023-10-01,11,0.0
IN,2024-01-01,18,0.0
IN,2024-04-01,9,0.0
IN,2024-07-01,8,0.0
IN,2024-10-01,4,521.0
IN,2025-01-01,8,939.0
IN,2025-04-01,8,891.0
IN,2025-07-01,11,1583.0
IN,2025-10-01,8,1393.0
IN,2026-01-01,8,668.0
IN,2026-04-01,2,433.0
KS,1998-04-01,1,15.0
KS,1998-07-01,13,776.0
KS,1998-10-01,29,1505.0
KS,1999-01-01,29,1893.0
KS,1999-04-01,22,2758.0
KS,1999-07-01,24,2043.0
KS,1999-10-01,10,719.0
KS,2000-01-01,11,2611.0
KS,2000-04-01,2,150.0
KS,2000-07-01,2,75.0
KS,2000-10-01,7,3105.0
KS,2001-01-01,13,987.0
KS,2001-04-01,16,961.0
KS,2001-07-01,29,2552.0
KS,2001-10-01,34,4451.0
KS,2002-01-01,42,3734.0
KS,2002-04-01,35,2683.0
KS,2002-07-01,38,4357.0
KS,2002-10-01,57,4212.0
KS,2003-01-01,59,4147.0
KS,2003-04-01,33,2923.0
KS,2003-07-01,23,1014.0
KS,2003-10-01,33,1711.0
KS,2004-01-01,33,2116.0
KS,2004-04-01,34,2012.0
KS,2004-07-01,38,1591.0
KS,2004-10-01,20,536.0
KS,2005-01-01,26,9344.0
KS,2005-04-01,30,1678.0
KS,2005-07-01,19,914.0
KS,2005-10-01,13,1047.0
KS,2006-01-01,20,894.0
KS,2006-04-01,17,1318.0
KS,2006-07-01,17,1701.0
KS,2006-10-01,10,582.0
KS,2007-01-01,11,777.0
KS,2007-04-01,9,560.0
KS,2007-07-01,8,491.0
KS,2007-10-01,8,899.0
KS,2008-01-01,10,2203.0
KS,2008-04-01,18,1437.0
KS,2008-07-01,19,1920.0
KS,2008-10-01,51,3684.0
KS,2009-01-01,80,8386.0
KS,2009-04-01,53,6070.0
KS,2009-07-01,51,2526.0
KS,2009-10-01,24,998.0
KS,2010-01-01,23,1616.0
KS,2010-04-01,30,929.0
KS,2010-07-01,19,1252.0
KS,2010-10-01,30,3619.0
KS,2011-01-01,22,896.0
KS,2011-04-01,25,1352.0
KS,2011-07-01,26,1190.0
KS,2011-10-01,21,1520.0
KS,2012-01-01,28,1762.0
KS,2012-04-01,19,1407.0
KS,2012-07-01,20,670.0
KS,2012-10-01,25,1485.0
KS,2013-01-01,15,950.0
KS,2013-04-01,18,994.0
KS,2013-07-01,16,1246.0
KS,2013-10-01,11,465.0
KS,2014-01-01,23,2424.0
KS,2014-04-01,14,1456.0
KS,2014-07-01,18,605.0
KS,2014-10-01,16,2338.0
KS,2015-01-01,16,1410.0
KS,2015-04-01,17,853.0
KS,2015-07-01,14,764.0
KS,2015-10-01,16,607.0
KS,2016-01-01,17,1529.0
KS,2016-04-01,20,1085.0
KS,2016-07-01,13,752.0
KS,2016-10-01,8,197.0
KS,2017-01-01,18,837.0
KS,2017-04-01,15,1860.0
KS,2017-07-01,8,427.0
KS,2017-10-01,10,631.0
KS,2018-01-01,8,671.0
KS,2018-04-01,8,368.0
KS,2018-07-01,6,226.0
KS,2018-10-01,16,1152.0
KS,2019-01-01,35,1593.0
KS,2019-04-01,12,289.0
KS,2019-07-01,19,1081.0
KS,2019-10-01,15,670.0
KS,2020-01-01,37,8216.0
KS,2020-04-01,42,6727.0
KS,2020-07-01,17,2763.0
KS,2020-10-01,4,345.0
KS,2021-01-01,7,663.0
KS,2021-04-01,7,537.0
KS,2021-07-01,4,117.0
KS,2021-10-01,2,26.0
KY,1998-10-01,11,1137.0
KY,1999-01-01,13,1977.0
KY,1999-04-01,10,1147.0
KY,1999-07-01,13,1907.0
KY,1999-10-01,12,1742.0
KY,2000-01-01,16,2953.0
KY,2000-04-01,12,1504.0
KY,2000-07-01,15,2179.0
KY,2000-10-01,8,828.0
KY,2001-01-01,21,2123.0
KY,2001-04-01,16,5162.0
KY,2001-07-01,7,554.0
KY,2001-10-01,25,4152.0
KY,2002-01-01,9,1338.0
KY,2002-04-01,0,0.0
KY,2002-07-01,0,0.0
KY,2002-10-01,0,0.0
KY,2003-01-01,3,736.0
KY,2003-04-01,0,0.0
KY,2003-07-01,0,0.0
KY,2003-10-01,0,0.0
KY,2004-01-01,19,2849.0
KY,2004-04-01,8,1034.0
KY,2004-07-01,15,2692.0
KY,2004-10-01,6,746.0
KY,2005-01-01,0,0.0
KY,2005-04-01,0,0.0
KY,2005-07-01,0,0.0
KY,2005-10-01,6,849.0
KY,2006-01-01,6,331.0
KY,2006-04-01,0,0.0
KY,2006-07-01,1,50.0
KY,2006-10-01,0,0.0
KY,2007-01-01,0,0.0
KY,2007-04-01,1,75.0
KY,2007-07-01,4,457.0
KY,2007-10-01,6,638.0
KY,2008-01-01,13,1076.0
KY,2008-04-01,15,1751.0
KY,2008-07-01,18,1836.0
KY,2008-10-01,20,1130.0
KY,2009-01-01,16,938.0
KY,2009-04-01,21,2383.0
KY,2009-07-01,20,1067.0
KY,2009-10-01,18,1696.0
KY,2010-01-01,13,2064.0
KY,2010-04-01,8,751.0
KY,2010-07-01,9,851.0
KY,2010-10-01,8,1218.0
KY,2011-01-01,7,597.0
KY,2011-04-01,11,976.0
KY,2011-07-01,7,543.0
KY,2011-10-01,6,468.0
KY,2012-01-01,14,1752.0
KY,2012-04-01,30,2882.0
KY,2012-07-01,19,3352.0
KY,2012-10-01,13,1252.0
KY,2013-01-01,12,1732.0
KY,2013-04-01,14,2123.0
KY,2013-07-01,16,1975.0
KY,2013-10-01,20,1598.0
KY,2014-01-01,8,908.0
KY,2014-04-01,11,1681.0
KY,2014-07-01,6,879.0
KY,2014-10-01,12,2302.0
KY,2015-01-01,24,1630.0
KY,2015-04-01,20,1297.0
KY,2015-07-01,12,1713.0
KY,2015-10-01,16,2228.0
KY,2016-01-01,15,2631.0
KY,2016-04-01,19,2269.0
KY,2016-07-01,4,462.0
KY,2016-10-01,4,1094.0
LA,2007-01-01,8,682.0
LA,2007-04-01,5,887.0
LA,2007-07-01,4,272.0
LA,2007-10-01,9,1538.0
LA,2008-01-01,0,0.0
LA,2008-04-01,0,0.0
LA,2008-07-01,0,0.0
LA,2008-10-01,0,0.0
LA,2009-01-01,17,3359.0
LA,2009-04-01,16,1307.0
LA,2009-07-01,6,1608.0
LA,2009-10-01,15,1623.0
LA,2010-01-01,9,1194.0
LA,2010-04-01,10,843.0
LA,2010-07-01,9,5739.0
LA,2010-10-01,6,847.0
LA,2011-01-01,4,240.0
LA,2011-04-01,5,318.0
LA,2011-07-01,5,182.0
LA,2011-10-01,7,597.0
LA,2012-01-01,4,215.0
LA,2012-04-01,12,1557.0
LA,2012-07-01,5,623.0
LA,2012-10-01,4,75.0
LA,2013-01-01,6,456.0
LA,2013-04-01,3,217.0
LA,2013-07-01,11,1180.0
LA,2013-10-01,4,205.0
LA,2014-01-01,10,1239.0
LA,2014-04-01,6,576.0
LA,2014-07-01,10,1048.0
LA,2014-10-01,4,875.0
LA,2015-01-01,11,884.0
LA,2015-04-01,8,719.0
LA,2015-07-01,7,650.0
LA,2015-10-01,7,971.0
LA,2016-01-01,8,489.0
LA,2016-04-01,9,948.0
LA,2016-07-01,6,725.0
LA,2016-10-01,11,1224.0
LA,2017-01-01,3,173.0
LA,2017-04-01,11,863.0
LA,2017-07-01,3,247.0
LA,2017-10-01,3,355.0
LA,2018-01-01,6,708.0
LA,2018-04-01,5,717.0
MA,2024-01-01,2,0.0
MA,2024-04-01,16,0.0
MA,2024-07-01,19,0.0
MA,2024-10-01,14,0.0
MA,2025-01-01,23,0.0
MA,2025-04-01,29,0.0
MA,2025-07-01,17,0.0
MA,2025-10-01,16,902.0
MA,2026-01-01,26,2546.0
MA,2026-04-01,7,543.0
MD,2010-01-01,10,1433.0
MD,2010-04-01,11,1022.0
MD,2010-07-01,11,2262.0
MD,2010-10-01,8,1487.0
MD,2011-01-01,11,858.0
MD,2011-04-01,58,3102.0
MD,2011-07-01,18,1102.0
MD,2011-10-01,27,473.0
MD,2012-01-01,11,1215.0
MD,2012-04-01,15,4394.0
MD,2012-07-01,9,705.0
MD,2012-10-01,11,743.0
MD,2013-01-01,9,932.0
MD,2013-04-01,7,982.0
MD,2013-07-01,8,467.0
MD,2013-10-01,13,789.0
MD,2014-01-01,14,1616.0
MD,2014-04-01,4,703.0
MD,2014-07-01,9,626.0
MD,2014-10-01,2,404.0
MD,2015-01-01,6,446.0
MD,2015-04-01,11,1273.0
MD,2015-07-01,9,1050.0
MD,2015-10-01,5,419.0
MD,2016-01-01,9,1037.0
MD,2016-04-01,24,2366.0
MD,2016-07-01,8,683.0
MD,2016-10-01,8,1326.0
MD,2017-01-01,18,921.0
MD,2017-04-01,5,483.0
MD,2017-07-01,11,663.0
MD,2017-10-01,4,327.0
MD,2018-01-01,12,979.0
MD,2018-04-01,9,800.0
MD,2018-07-01,10,999.0
MD,2018-10-01,13,888.0
MD,2019-01-01,16,2220.0
MD,2019-04-01,8,1126.0
MD,2019-07-01,15,1245.0
MD,2019-10-01,27,1311.0
MD,2020-01-01,33,3719.0
MD,2020-04-01,201,18985.0
MD,2020-07-01,63,3888.0
MD,2020-10-01,81,2373.0
MD,2021-01-01,9,1036.0
MD,2021-04-01,17,734.0
MD,2021-07-01,6,318.0
MD,2021-10-01,10,485.0
MD,2022-01-01,36,2082.0
MD,2022-04-01,13,782.0
MD,2022-07-01,28,3191.0
MD,2022-10-01,12,967.0
MD,2023-01-01,18,1482.0
MD,2023-04-01,22,1186.0
MD,2023-07-01,22,2268.0
MD,2023-10-01,13,696.0
MD,2024-01-01,34,1496.0
MD,2024-04-01,23,3297.0
MD,2024-07-01,10,732.0
MD,2024-10-01,17,1784.0
MD,2025-01-01,38,4122.0
MD,2025-04-01,26,1239.0
MD,2025-07-01,38,1864.0
MD,2025-10-01,40,2359.0
MD,2026-01-01,43,2333.0
MD,2026-04-01,19,2245.0
ME,2012-01-01,1,423.0
ME,2012-04-01,0,0.0
ME,2012-07-01,0,0.0
ME,2012-10-01,0,0.0
ME,2013-01-01,0,0.0
ME,2013-04-01,1,270.0
ME,2013-07-01,1,7.0
ME,2013-10-01,0,0.0
ME,2014-01-01,1,250.0
ME,2014-04-01,0,0.0
ME,2014-07-01,0,0.0
ME,2014-10-01,2,895.0
ME,2015-01-01,0,0.0
ME,2015-04-01,1,200.0
ME,2015-07-01,2,215.0
ME,2015-10-01,1,220.0
ME,2016-01-01,2,241.0
ME,2016-04-01,0,0.0
ME,2016-07-01,1,10.0
ME,2016-10-01,5,145.0
ME,2017-01-01,6,140.0
ME,2017-04-01,20,279.0
ME,2017-07-01,10,135.0
ME,2017-10-01,16,598.0
ME,2018-01-01,18,434.0
ME,2018-04-01,5,121.0
ME,2018-07-01,8,297.0
ME,2018-10-01,20,470.0
ME,2019-01-01,9,373.0
ME,2019-04-01,26,439.0
ME,2019-07-01,16,433.0
ME,2019-10-01,20,393.0
ME,2020-01-01,37,2120.0
ME,2020-04-01,21,1257.0
ME,2020-07-01,29,705.0
ME,2020-10-01,9,415.0
ME,2021-01-01,15,203.0
ME,2021-04-01,6,145.0
ME,2021-07-01,12,660.0
ME,2021-10-01,4,50.0
ME,2022-01-01,2,29.0
MI,2016-01-01,12,0.0
MI,2016-04-01,15,0.0
MI,2016-07-01,6,0.0
MI,2016-10-01,6,0.0
MI,2017-01-01,22,0.0
MI,2017-04-01,14,0.0
MI,2017-07-01,11,0.0
MI,2017-10-01,7,0.0
MI,2018-01-01,9,0.0
MI,2018-04-01,16,0.0
MI,2018-07-01,8,0.0
MI,2018-10-01,18,0.0
MI,2019-01-01,26,0.0
MI,2019-04-01,11,0.0
MI,2019-07-01,13,0.0
MI,2019-10-01,12,0.0
MI,2020-01-01,61,0.0
MI,2020-04-01,123,0.0
MI,2020-07-01,40,0.0
MI,2020-10-01,14,0.0
MI,2021-01-01,3,0.0
MI,2021-04-01,5,0.0
MI,2021-07-01,2,0.0
MI,2021-10-01,4,0.0
MI,2022-01-01,6,0.0
MI,2022-04-01,11,0.0
MI,2022-07-01,10,0.0
MI,2022-10-01,8,0.0
MI,2023-01-01,15,0.0
MI,2023-04-01,11,0.0
MI,2023-07-01,12,0.0
MI,2023-10-01,29,0.0
MI,2024-01-01,22,0.0
MI,2024-04-01,22,0.0
MI,2024-07-01,21,0.0
MI,2024-10-01,45,0.0
MI,2025-01-01,33,0.0
MI,2025-04-01,41,0.0
MI,2025-07-01,39,525.0
MI,2025-10-01,21,3272.0
MI,2026-01-01,15,1174.0
MO,2015-04-01,1,39.0
MO,2015-07-01,0,0.0
MO,2015-10-01,0,0.0
MO,2016-01-01,9,649.0
MO,2016-04-01,11,1236.0
MO,2016-07-01,0,0.0
MO,2016-10-01,0,0.0
MO,2017-01-01,0,0.0
MO,2017-04-01,0,0.0
MO,2017-07-01,0,0.0
MO,2017-10-01,0,0.0
MO,2018-01-01,0,0.0
MO,2018-04-01,0,0.0
MO,2018-07-01,8,1558.0
MO,2018-10-01,6,640.0
MO,2019-01-01,10,970.0
MO,2019-04-01,4,485.0
MO,2019-07-01,5,343.0
MO,2019-10-01,6,709.0
MO,2020-01-01,22,3632.0
MO,2020-04-01,98,14960.0
MO,2020-07-01,45,6538.0
MO,2020-10-01,19,1337.0
MO,2021-01-01,11,1517.0
MO,2021-04-01,10,1454.0
MO,2021-07-01,5,277.0
MO,2021-10-01,4,89.0
MO,2022-01-01,3,519.0
MO,2022-04-01,5,1263.0
MO,2022-07-01,1,66.0
MO,2022-10-01,2,330.0
MO,2023-01-01,9,923.0
MO,2023-04-01,9,1969.0
MO,2023-07-01,8,2484.0
MO,2023-10-01,10,633.0
MT,2015-01-01,1,0.0
MT,2015-04-01,1,0.0
MT,2015-07-01,1,0.0
MT,2015-10-01,1,0.0
MT,2016-01-01,3,0.0
MT,2016-04-01,1,0.0
MT,2016-07-01,0,0.0
MT,2016-10-01,0,0.0
MT,2017-01-01,1,0.0
MT,2017-04-01,0,0.0
MT,2017-07-01,0,0.0
MT,2017-10-01,0,0.0
MT,2018-01-01,0,0.0
MT,2018-04-01,1,0.0
MT,2018-07-01,0,0.0
MT,2018-10-01,0,0.0
MT,2019-01-01,0,0.0
MT,2019-04-01,0,0.0
MT,2019-07-01,0,0.0
MT,2019-10-01,0,0.0
MT,2020-01-01,6,0.0
MT,2020-04-01,5,0.0
MT,2020-07-01,0,0.0
MT,2020-10-01,1,0.0
MT,2021-01-01,0,0.0
MT,2021-04-01,0,0.0
MT,2021-07-01,1,0.0
NC,2024-01-01,18,0.0
NC,2024-04-01,14,0.0
NC,2024-07-01,16,0.0
NC,2024-10-01,17,0.0
NC,2025-01-01,22,0.0
NC,2025-04-01,10,0.0
NC,2025-07-01,15,0.0
NC,2025-10-01,18,587.0
NC,2026-01-01,26,2903.0
NC,2026-04-01,3,308.0
NE,2010-01-01,1,231.0
NE,2010-04-01,2,192.0
NE,2010-07-01,3,590.0
NE,2010-10-01,0,0.0
NE,2011-01-01,13,766.0
NE,2011-04-01,13,694.0
NE,2011-07-01,10,503.0
NE,2011-10-01,12,798.0
NE,2012-01-01,12,944.0
NE,2012-04-01,11,691.0
NE,2012-07-01,11,799.0
NE,2012-10-01,13,850.0
NE,2013-01-01,9,179.0
NE,2013-04-01,10,1402.0
NE,2013-07-01,13,678.0
NE,2013-10-01,16,953.0
NE,2014-01-01,7,202.0
NE,2014-04-01,12,575.0
NE,2014-07-01,4,163.0
NE,2014-10-01,17,634.0
NE,2015-01-01,12,490.0
NE,2015-04-01,7,380.0
NE,2015-07-01,30,181.0
NE,2015-10-01,54,2242.0
NE,2016-01-01,31,1146.0
NE,2016-04-01,33,103.0
NE,2016-07-01,20,609.0
NE,2016-10-01,28,881.0
NE,2017-01-01,48,1329.0
NE,2017-04-01,19,433.0
NE,2017-07-01,16,690.0
NE,2017-10-01,37,640.0
NE,2018-01-01,43,753.0
NE,2018-04-01,40,1393.0
NE,2018-07-01,19,618.0
NE,2018-10-01,24,550.0
NE,2019-01-01,50,1256.0
NE,2019-04-01,47,1574.0
NE,2019-07-01,36,606.0
NE,2019-10-01,46,672.0
NE,2020-01-01,43,1314.0
NE,2020-04-01,13,1277.0
NE,2020-07-01,18,416.0
NJ,2007-01-01,1,65.0
NJ,2007-04-01,0,0.0
NJ,2007-07-01,0,0.0
NJ,2007-10-01,0,0.0
NJ,2008-01-01,0,0.0
NJ,2008-04-01,0,0.0
NJ,2008-07-01,0,0.0
NJ,2008-10-01,0,0.0
NJ,2009-01-01,3,321.0
NJ,2009-04-01,0,0.0
NJ,2009-07-01,5,581.0
NJ,2009-10-01,35,3936.0
NJ,2010-01-01,21,3682.0
NJ,2010-04-01,23,2160.0
NJ,2010-07-01,27,2839.0
NJ,2010-10-01,35,5047.0
NJ,2011-01-01,15,2553.0
NJ,2011-04-01,31,5352.0
NJ,2011-07-01,22,3544.0
NJ,2011-10-01,20,2200.0
NJ,2012-01-01,14,2153.0
NJ,2012-04-01,16,2777.0
NJ,2012-07-01,15,2957.0
NJ,2012-10-01,29,4263.0
NJ,2013-01-01,16,3255.0
NJ,2013-04-01,16,2146.0
NJ,2013-07-01,13,1029.0
NJ,2013-10-01,22,2129.0
NJ,2014-01-01,14,2836.0
NJ,2014-04-01,34,5963.0
NJ,2014-07-01,23,9008.0
NJ,2014-10-01,16,5173.0
NJ,2015-01-01,15,2898.0
NJ,2015-04-01,17,5514.0
NJ,2015-07-01,24,2469.0
NJ,2015-10-01,107,12118.0
NJ,2016-01-01,7,854.0
NJ,2016-04-01,13,1637.0
NJ,2016-07-01,19,2244.0
NJ,2016-10-01,12,4055.0
NJ,2017-01-01,17,1855.0
NJ,2017-04-01,33,2092.0
NJ,2017-07-01,14,1461.0
NJ,2017-10-01,18,2816.0
NJ,2018-01-01,21,2544.0
NJ,2018-04-01,23,2580.0
NJ,2018-07-01,17,1895.0
NJ,2018-10-01,15,2228.0
NJ,2019-01-01,21,3272.0
NJ,2019-04-01,16,1371.0
NJ,2019-07-01,15,1514.0
NJ,2019-10-01,26,3941.0
NJ,2020-01-01,96,36242.0
NJ,2020-04-01,36,6068.0
NJ,2020-07-01,36,4419.0
NJ,2020-10-01,54,27302.0
NJ,2021-01-01,21,2053.0
NJ,2021-04-01,13,5260.0
NJ,2021-07-01,13,2226.0
NJ,2021-10-01,14,2067.0
NJ,2022-01-01,9,966.0
NJ,2022-04-01,0,0.0
NJ,2022-07-01,0,0.0
NJ,2022-10-01,0,0.0
NJ,2023-01-01,26,0.0
NJ,2023-04-01,24,0.0
NJ,2023-07-01,30,0.0
NJ,2023-10-01,21,0.0
NJ,2024-01-01,17,498.0
NJ,2024-04-01,28,3053.0
NJ,2024-07-01,15,2623.0
NM,2020-01-01,5,490.0
NM,2020-04-01,14,2059.0
NM,2020-07-01,7,876.0
NM,2020-10-01,1,83.0
NM,2021-01-01,1,269.0
NM,2021-04-01,1,94.0
NM,2021-07-01,3,449.0
NM,2021-10-01,2,62.0
NV,2024-04-01,3,1.0
NV,2024-07-01,0,0.0
NV,2024-10-01,5,55.0
NV,2025-01-01,4,57.0
NV,2025-04-01,7,111.0
NV,2025-07-01,13,144.0
NV,2025-10-01,6,154.0
NV,2026-01-01,8,55.0
NY,2023-01-01,48,0.0
NY,2023-04-01,71,0.0
NY,2023-07-01,45,0.0
NY,2023-10-01,56,0.0
NY,2024-01-01,76,0.0
NY,2024-04-01,71,0.0
NY,2024-07-01,62,0.0
NY,2024-10-01,63,0.0
NY,2025-01-01,47,4391.0
NY,2025-04-01,45,2663.0
NY,2025-07-01,48,2886.0
NY,2025-10-01,44,4890.0
NY,2026-01-01,56,3461.0
NY,2026-04-01,35,2118.0
OH,2017-01-01,27,5387.0
OH,2017-04-01,18,1912.0
OH,2017-07-01,19,1422.0
OH,2017-10-01,17,1174.0
OH,2018-01-01,27,4719.0
OH,2018-04-01,18,4829.0
OH,2018-07-01,9,1013.0
OH,2018-10-01,13,2939.0
OH,2019-01-01,30,3076.0
OH,2019-04-01,15,1099.0
OH,2019-07-01,22,2327.0
OH,2019-10-01,13,1012.0
OH,2020-01-01,73,19646.0
OH,2020-04-01,123,25572.0
OH,2020-07-01,70,8008.0
OH,2020-10-01,18,1932.0
OH,2021-01-01,10,975.0
OH,2021-04-01,5,333.0
OH,2021-07-01,3,123.0
OH,2021-10-01,9,798.0
OH,2022-01-01,18,2290.0
OH,2022-04-01,13,2006.0
OH,2022-07-01,15,1818.0
OH,2022-10-01,10,1189.0
OH,2023-01-01,0,0.0
OH,2023-04-01,0,0.0
OH,2023-07-01,0,0.0
OH,2023-10-01,0,0.0
OH,2024-01-01,0,0.0
OH,2024-04-01,13,0.0
OH,2024-07-01,26,0.0
OH,2024-10-01,23,0.0
OH,2025-01-01,26,0.0
OH,2025-04-01,30,0.0
OH,2025-07-01,16,0.0
OH,2025-10-01,17,1053.0
OH,2026-01-01,35,3142.0
OH,2026-04-01,5,637.0
OK,1999-10-01,3,275.0
OK,2000-01-01,4,128.0
OK,2000-04-01,0,0.0
OK,2000-07-01,0,0.0
OK,2000-10-01,10,1703.0
OK,2001-01-01,18,1863.0
OK,2001-04-01,7,1111.0
OK,2001-07-01,8,489.0
OK,2001-10-01,11,1825.0
OK,2002-01-01,25,2499.0
OK,2002-04-01,15,1301.0
OK,2002-07-01,10,673.0
OK,2002-10-01,6,999.0
OK,2003-01-01,14,2311.0
OK,2003-04-01,8,1354.0
OK,2003-07-01,6,2022.0
OK,2003-10-01,5,486.0
OK,2004-01-01,6,1316.0
OK,2004-04-01,6,1350.0
OK,2004-07-01,8,707.0
OK,2004-10-01,4,175.0
OK,2005-01-01,1,16.0
OK,2005-04-01,6,1277.0
OK,2005-07-01,5,468.0
OK,2005-10-01,3,452.0
OK,2006-01-01,11,4226.0
OK,2006-04-01,4,1916.0
OK,2006-07-01,7,1644.0
OK,2006-10-01,1,900.0
OK,2007-01-01,1,102.0
OK,2007-04-01,7,703.0
OK,2007-07-01,4,444.0
OK,2007-10-01,1,58.0
OK,2008-01-01,8,740.0
OK,2008-04-01,4,246.0
OK,2008-07-01,3,400.0
OK,2008-10-01,15,1919.0
OK,2009-01-01,16,2269.0
OK,2009-04-01,11,1187.0
OK,2009-07-01,5,928.0
OK,2009-10-01,9,911.0
OK,2010-01-01,10,1224.0
OK,2010-04-01,10,1425.0
OK,2010-07-01,2,344.0
OK,2010-10-01,8,340.0
OK,2011-01-01,10,1537.0
OK,2011-04-01,4,613.0
OK,2011-07-01,4,562.0
OK,2011-10-01,6,639.0
OK,2012-01-01,5,795.0
OK,2012-04-01,6,933.0
OK,2012-07-01,6,1004.0
OK,2012-10-01,8,812.0
OK,2013-01-01,10,850.0
OK,2013-04-01,7,651.0
OK,2013-07-01,7,1099.0
OK,2013-10-01,11,1393.0
OK,2014-01-01,13,1186.0
OK,2014-04-01,8,721.0
OK,2014-07-01,4,299.0
OK,2014-10-01,12,1167.0
OK,2015-01-01,28,2593.0
OK,2015-04-01,14,1646.0
OK,2015-07-01,6,938.0
OK,2015-10-01,2,210.0
OK,2016-01-01,20,2175.0
OK,2016-04-01,14,1060.0
OK,2016-07-01,12,750.0
OK,2016-10-01,9,1164.0
OK,2017-01-01,14,896.0
OK,2017-04-01,10,642.0
OK,2017-07-01,9,1307.0
OK,2017-10-01,3,318.0
OK,2018-01-01,8,1009.0
OK,2018-04-01,3,436.0
OK,2018-07-01,4,432.0
OK,2018-10-01,3,293.0
OK,2019-01-01,6,449.0
OK,2019-04-01,11,885.0
OK,2019-07-01,7,700.0
OK,2019-10-01,8,1313.0
OK,2020-01-01,18,1458.0
OK,2020-04-01,41,4568.0
OK,2020-07-01,15,2535.0
OK,2020-10-01,4,341.0
OK,2021-01-01,5,451.0
OK,2021-04-01,6,853.0
OK,2021-07-01,2,168.0
OK,2021-10-01,2,139.0
OK,2022-01-01,1,106.0
OR,1988-10-01,1,50.0
OR,1989-01-01,2,197.0
OR,1989-04-01,1,42.0
OR,1989-07-01,0,0.0
OR,1989-10-01,1,241.0
OR,1990-01-01,0,0.0
OR,1990-04-01,4,504.0
OR,1990-07-01,7,993.0
OR,1990-10-01,3,399.0
OR,1991-01-01,9,951.0
OR,1991-04-01,5,825.0
OR,1991-07-01,7,1815.0
OR,1991-10-01,4,629.0
OR,1992-01-01,6,919.0
OR,1992-04-01,2,367.0
OR,1992-07-01,5,1101.0
OR,1992-10-01,4,1266.0
OR,1993-01-01,4,650.0
OR,1993-04-01,6,643.0
OR,1993-07-01,2,122.0
OR,1993-10-01,9,748.0
OR,1994-01-01,6,187.0
OR,1994-04-01,5,449.0
OR,1994-07-01,4,887.0
OR,1994-10-01,7,1432.0
OR,1995-01-01,4,438.0
OR,1995-04-01,11,1298.0
OR,1995-07-01,1,0.0
OR,1995-10-01,6,1542.0
OR,1996-01-01,7,2285.0
OR,1996-04-01,2,265.0
OR,1996-07-01,6,1258.0
OR,1996-10-01,4,1308.0
OR,1997-01-01,2,380.0
OR,1997-04-01,6,581.0
OR,1997-07-01,2,492.0
OR,1997-10-01,3,370.0
OR,1998-01-01,5,2280.0
OR,1998-04-01,8,960.0
OR,1998-07-01,8,28502.0
OR,1998-10-01,8,1533.0
OR,1999-01-01,10,1213.0
OR,1999-04-01,4,1143.0
OR,1999-07-01,4,600.0
OR,1999-10-01,13,1848.0
OR,2000-01-01,8,831.0
OR,2000-04-01,8,2415.0
OR,2000-07-01,12,2269.0
OR,2000-10-01,8,669.0
OR,2001-01-01,14,3944.0
OR,2001-04-01,14,2356.0
OR,2001-07-01,8,750.0
OR,2001-10-01,11,1288.0
OR,2002-01-01,7,990.0
OR,2002-04-01,11,1821.0
OR,2002-07-01,11,1618.0
OR,2002-10-01,12,1289.0
OR,2003-01-01,14,1509.0
OR,2003-04-01,18,2043.0
OR,2003-07-01,13,1368.0
OR,2003-10-01,6,729.0
OR,2004-01-01,6,1367.0
OR,2004-04-01,4,448.0
OR,2004-07-01,1,1.0
OR,2004-10-01,2,1065.0
OR,2005-01-01,3,580.0
OR,2005-04-01,10,1056.0
OR,2005-07-01,8,808.0
OR,2005-10-01,4,843.0
OR,2006-01-01,6,622.0
OR,2006-04-01,3,287.0
OR,2006-07-01,4,291.0
OR,2006-10-01,6,1251.0
OR,2007-01-01,7,1145.0
OR,2007-04-01,0,0.0
OR,2007-07-01,3,191.0
OR,2007-10-01,4,237.0
OR,2008-01-01,13,974.0
OR,2008-04-01,10,1460.0
OR,2008-07-01,7,3147.0
OR,2008-10-01,10,1438.0
OR,2009-01-01,16,2979.0
OR,2009-04-01,12,1406.0
OR,2009-07-01,10,717.0
OR,2009-10-01,10,1242.0
OR,2010-01-01,4,256.0
OR,2010-04-01,5,1025.0
OR,2010-07-01,3,235.0
OR,2010-10-01,6,775.0
OR,2011-01-01,2,253.0
OR,2011-04-01,1,58.0
OR,2011-07-01,3,285.0
OR,2011-10-01,3,205.0
OR,2012-01-01,6,832.0
OR,2012-04-01,6,284.0
OR,2012-07-01,5,487.0
OR,2012-10-01,5,292.0
OR,2013-01-01,9,569.0
OR,2013-04-01,12,2265.0
OR,2013-07-01,7,565.0
OR,2013-10-01,5,411.0
OR,2014-01-01,3,320.0
OR,2014-04-01,6,394.0
OR,2014-07-01,3,72.0
OR,2014-10-01,3,362.0
OR,2015-01-01,5,259.0
OR,2015-04-01,1,68.0
OR,2015-07-01,4,865.0
OR,2015-10-01,6,488.0
OR,2016-01-01,12,1276.0
OR,2016-04-01,23,1294.0
OR,2016-07-01,6,880.0
OR,2016-10-01,5,508.0
OR,2017-01-01,7,619.0
OR,2017-04-01,7,1046.0
OR,2017-07-01,8,1191.0
OR,2017-10-01,7,430.0
OR,2018-01-01,9,981.0
OR,2018-04-01,4,357.0
OR,2018-07-01,1,52.0
OR,2018-10-01,7,432.0
OR,2019-01-01,2,54.0
OR,2019-04-01,5,827.0
OR,2019-07-01,8,1037.0
OR,2019-10-01,11,1296.0
OR,2020-01-01,51,5151.0
OR,2020-04-01,64,7492.0
OR,2020-07-01,28,3036.0
OR,2020-10-01,8,1046.0
OR,2021-01-01,4,401.0
OR,2021-04-01,2,330.0
OR,2021-07-01,1,177.0
PA,2023-01-01,3,582.0
PA,2023-04-01,17,2736.0
PA,2023-07-01,11,1554.0
PA,2023-10-01,5,331.0
PA,2024-01-01,13,1556.0
PA,2024-04-01,15,1620.0
PA,2024-07-01,13,939.0
PA,2024-10-01,18,1960.0
PA,2025-01-01,18,2991.0
PA,2025-04-01,21,2415.0
PA,2025-07-01,17,1928.0
PA,2025-10-01,15,892.0
PA,2026-01-01,14,2145.0
PA,2026-04-01,16,3256.0
PA,2026-07-01,2,150.0
RI,2009-01-01,7,0.0
RI,2009-04-01,2,0.0
RI,2009-07-01,3,0.0
RI,2009-10-01,3,0.0
RI,2010-01-01,2,0.0
RI,2010-04-01,0,0.0
RI,2010-07-01,1,0.0
RI,2010-10-01,0,0.0
RI,2011-01-01,2,0.0
RI,2011-04-01,2,0.0
RI,2011-07-01,3,0.0
RI,2011-10-01,1,0.0
RI,2012-01-01,1,0.0
RI,2012-04-01,2,0.0
RI,2012-07-01,0,0.0
RI,2012-10-01,0,0.0
RI,2013-01-01,1,0.0
RI,2013-04-01,2,0.0
RI,2013-07-01,2,0.0
RI,2013-10-01,1,0.0
RI,2014-01-01,1,0.0
RI,2014-04-01,0,0.0
RI,2014-07-01,2,0.0
RI,2014-10-01,0,0.0
RI,2015-01-01,2,0.0
RI,2015-04-01,1,0.0
RI,2015-07-01,0,0.0
RI,2015-10-01,2,0.0
RI,2016-01-01,2,0.0
RI,2016-04-01,3,0.0
RI,2016-07-01,0,0.0
RI,2016-10-01,0,0.0
RI,2017-01-01,0,0.0
RI,2017-04-01,0,0.0
RI,2017-07-01,1,0.0
RI,2017-10-01,1,0.0
RI,2018-01-01,0,0.0
RI,2018-04-01,2,0.0
RI,2018-07-01,1,0.0
RI,2018-10-01,3,0.0
RI,2019-01-01,3,0.0
RI,2019-04-01,0,0.0
RI,2019-07-01,0,0.0
RI,2019-10-01,0,0.0
RI,2020-01-01,3,0.0
RI,2020-04-01,10,0.0
RI,2020-07-01,7,0.0
RI,2020-10-01,0,0.0
RI,2021-01-01,0,0.0
RI,2021-04-01,2,0.0
RI,2021-07-01,0,0.0
RI,2021-10-01,0,0.0
RI,2022-01-01,1,0.0
SC,2013-01-01,3,290.0
SC,2013-04-01,5,1022.0
SC,2013-07-01,10,1068.0
SC,2013-10-01,0,0.0
SC,2014-01-01,2,169.0
SC,2014-04-01,6,436.0
SC,2014-07-01,3,449.0
SC,2014-10-01,5,826.0
SC,2015-01-01,4,347.0
SC,2015-04-01,6,794.0
SC,2015-07-01,6,1124.0
SC,2015-10-01,0,0.0
SC,2016-01-01,8,655822.0
SC,2016-04-01,6,541.0
SC,2016-07-01,4,417.0
SC,2016-10-01,0,0.0
SC,2017-01-01,1,161.0
SC,2017-04-01,5,1004.0
SC,2017-07-01,10,5067.0
SC,2017-10-01,0,0.0
SC,2018-01-01,4,450.0
SC,2018-04-01,7,646.0
SC,2018-07-01,4,527.0
SC,2018-10-01,2,740.0
SC,2019-01-01,5,445388.0
SC,2019-04-01,11,840.0
SC,2019-07-01,1,95.0
SC,2019-10-01,0,0.0
SC,2020-01-01,0,0.0
SC,2020-04-01,0,0.0
SC,2020-07-01,0,0.0
SC,2020-10-01,0,0.0
SC,2021-01-01,4,294.0
SC,2021-04-01,7,965.0
SC,2021-07-01,3,391.0
SC,2021-10-01,3,683.0
SC,2022-01-01,6,882.0
SC,2022-04-01,9,704.0
SC,2022-07-01,10,866.0
SC,2022-10-01,9,1504.0
SC,2023-01-01,15,1399.0
SC,2023-04-01,8,1372.0
SC,2023-07-01,12,1262.0
SC,2023-10-01,9,987.0
SC,2024-01-01,12,1335.0
SC,2024-04-01,19,1855.0
SC,2024-07-01,14,446.0
SC,2024-10-01,12,1849.0
SC,2025-01-01,6,584.0
SC,2025-04-01,13,2095.0
SC,2025-07-01,6,513.0
SC,2025-10-01,7,759.0
SD,2007-04-01,1,48.0
SD,2007-07-01,1,225.0
SD,2007-10-01,3,150.0
SD,2008-01-01,1,58.0
SD,2008-04-01,1,18.0
SD,2008-07-01,0,0.0
SD,2008-10-01,1,89.0
SD,2009-01-01,2,320.0
SD,2009-04-01,2,155.0
SD,2009-07-01,4,355.0
SD,2009-10-01,1,73.0
SD,2010-01-01,2,79.0
SD,2010-04-01,0,0.0
SD,2010-07-01,0,0.0
SD,2010-10-01,0,0.0
SD,2011-01-01,0,0.0
SD,2011-04-01,1,335.0
SD,2011-07-01,0,0.0
SD,2011-10-01,2,84.0
SD,2012-01-01,2,96.0
SD,2012-04-01,2,83.0
SD,2012-07-01,1,180.0
SD,2012-10-01,0,0.0
SD,2013-01-01,0,0.0
SD,2013-04-01,1,43.0
SD,2013-07-01,2,114.0
SD,2013-10-01,1,171.0
SD,2014-01-01,0,0.0
SD,2014-04-01,1,750.0
SD,2014-07-01,0,0.0
SD,2014-10-01,1,227.0
SD,2015-01-01,1,49.0
SD,2015-04-01,0,0.0
SD,2015-07-01,1,241.0
SD,2015-10-01,0,0.0
SD,2016-01-01,1,63.0
SD,2016-04-01,0,0.0
SD,2016-07-01,0,0.0
SD,2016-10-01,0,0.0
SD,2017-01-01,0,0.0
SD,2017-04-01,0,0.0
SD,2017-07-01,1,58.0
SD,2017-10-01,0,0.0
SD,2018-01-01,2,517.0
SD,2018-04-01,1,158.0
SD,2018-07-01,2,184.0
SD,2018-10-01,1,67.0
SD,2019-01-01,0,0.0
SD,2019-04-01,1,90.0
SD,2019-07-01,0,0.0
SD,2019-10-01,1,74.0
SD,2020-01-01,2,181.0
SD,2020-04-01,4,618.0
SD,2020-07-01,0,0.0
SD,2020-10-01,1,5.0
SD,2021-01-01,0,0.0
SD,2021-04-01,1,300.0
TN,2017-10-01,7,728.0
TN,2018-01-01,2,209.0
TN,2018-04-01,14,1758.0
TN,2018-07-01,7,643.0
TN,2018-10-01,7,750.0
TN,2019-01-01,18,2595.0
TN,2019-04-01,12,2280.0
TN,2019-07-01,13,2078.0
TN,2019-10-01,15,1287.0
TN,2020-01-01,50,5823.0
TN,2020-04-01,157,24238.0
TN,2020-07-01,40,3874.0
TN,2020-10-01,17,2498.0
TN,2021-01-01,6,722.0
TN,2021-04-01,4,365.0
TN,2021-07-01,6,811.0
TN,2021-10-01,6,907.0
TN,2022-01-01,2,144.0
TN,2022-04-01,4,713.0
TN,2022-07-01,5,605.0
TN,2022-10-01,5,341.0
TN,2023-01-01,8,943.0
TN,2023-04-01,26,2038.0
TN,2023-07-01,15,951.0
TN,2023-10-01,17,1236.0
TN,2024-01-01,11,0.0
TN,2024-04-01,22,0.0
TN,2024-07-01,7,0.0
TN,2024-10-01,13,0.0
TN,2025-01-01,13,0.0
TN,2025-04-01,15,768.0
TN,2025-07-01,7,1425.0
TN,2025-10-01,17,2358.0
TN,2026-01-01,19,2776.0
TN,2026-04-01,5,593.0
TX,1999-01-01,52,6687.0
TX,1999-04-01,50,5776.0
TX,1999-07-01,36,3820.0
TX,1999-10-01,33,3001.0
TX,2000-01-01,49,6166.0
TX,2000-04-01,39,4650.0
TX,2000-07-01,36,3061.0
TX,2000-10-01,62,7575.0
TX,2001-01-01,68,11940.0
TX,2001-04-01,67,9228.0
TX,2001-07-01,127,20562.0
TX,2001-10-01,123,14173.0
TX,2002-01-01,111,9956.0
TX,2002-04-01,98,14137.0
TX,2002-07-01,65,7965.0
TX,2002-10-01,112,11697.0
TX,2003-01-01,134,13410.0
TX,2003-04-01,71,6137.0
TX,2003-07-01,61,7149.0
TX,2003-10-01,53,6272.0
TX,2004-01-01,118,5841.0
TX,2004-04-01,31,2877.0
TX,2004-07-01,58,8463.0
TX,2004-10-01,39,5415.0
TX,2005-01-01,33,2869.0
TX,2005-04-01,33,2788.0
TX,2005-07-01,40,4266.0
TX,2005-10-01,31,3273.0
TX,2006-01-01,57,5307.0
TX,2006-04-01,53,2633.0
TX,2006-07-01,62,2681.0
TX,2006-10-01,45,3069.0
TX,2007-01-01,47,5034.0
TX,2007-04-01,47,3813.0
TX,2007-07-01,47,3493.0
TX,2007-10-01,111,5284.0
TX,2008-01-01,37,4230.0
TX,2008-04-01,44,4713.0
TX,2008-07-01,95,6449.0
TX,2008-10-01,97,10870.0
TX,2009-01-01,141,11119.0
TX,2009-04-01,90,4312.0
TX,2009-07-01,119,3267.0
TX,2009-10-01,51,4530.0
TX,2010-01-01,72,4122.0
TX,2010-04-01,45,4176.0
TX,2010-07-01,47,3984.0
TX,2010-10-01,89,3049.0
TX,2011-01-01,39,4528.0
TX,2011-04-01,41,3888.0
TX,2011-07-01,46,3142.0
TX,2011-10-01,41,3333.0
TX,2012-01-01,33,3541.0
TX,2012-04-01,54,5873.0
TX,2012-07-01,36,5862.0
TX,2012-10-01,44,5283.0
TX,2013-01-01,42,6157.0
TX,2013-04-01,40,4331.0
TX,2013-07-01,67,5130.0
TX,2013-10-01,35,4668.0
TX,2014-01-01,44,4899.0
TX,2014-04-01,42,3553.0
TX,2014-07-01,36,4316.0
TX,2014-10-01,29,2453.0
TX,2015-01-01,56,6499.0
TX,2015-04-01,75,10232.0
TX,2015-07-01,70,6138.0
TX,2015-10-01,61,4934.0
TX,2016-01-01,78,10564.0
TX,2016-04-01,81,8826.0
TX,2016-07-01,42,3508.0
TX,2016-10-01,54,4638.0
TX,2017-01-01,80,5795.0
TX,2017-04-01,44,3944.0
TX,2017-07-01,53,5803.0
TX,2017-10-01,49,8504.0
TX,2018-01-01,66,6327.0
TX,2018-04-01,36,4796.0
TX,2018-07-01,37,4618.0
TX,2018-10-01,55,4078.0
TX,2019-01-01,48,5354.0
TX,2019-04-01,52,3923.0
TX,2019-07-01,63,5285.0
TX,2019-10-01,36,3633.0
TX,2020-01-01,622,39621.0
TX,2020-04-01,372,33349.0
TX,2020-07-01,110,9276.0
TX,2020-10-01,99,8494.0
TX,2021-01-01,43,6015.0
TX,2021-04-01,38,3160.0
TX,2021-07-01,29,2649.0
TX,2021-10-01,13,1589.0
TX,2022-01-01,3,606.0
TX,2022-04-01,0,0.0
TX,2022-07-01,0,0.0
TX,2022-10-01,0,0.0
TX,2023-01-01,0,0.0
TX,2023-04-01,0,0.0
TX,2023-07-01,0,0.0
TX,2023-10-01,0,0.0
TX,2024-01-01,0,0.0
TX,2024-04-01,0,0.0
TX,2024-07-01,0,0.0
TX,2024-10-01,0,0.0
TX,2025-01-01,0,0.0
TX,2025-04-01,5,0.0
TX,2025-07-01,45,0.0
TX,2025-10-01,56,309.0
TX,2026-01-01,36,5618.0
TX,2026-04-01,6,1084.0
UT,2013-01-01,3,312.0
UT,2013-04-01,1,193.0
UT,2013-07-01,0,0.0
UT,2013-10-01,0,0.0
UT,2014-01-01,0,0.0
UT,2014-04-01,0,0.0
UT,2014-07-01,0,0.0
UT,2014-10-01,0,0.0
UT,2015-01-01,0,0.0
UT,2015-04-01,0,0.0
UT,2015-07-01,0,0.0
UT,2015-10-01,0,0.0
UT,2016-01-01,0,0.0
UT,2016-04-01,0,0.0
UT,2016-07-01,0,0.0
UT,2016-10-01,0,0.0
UT,2017-01-01,5,374.0
UT,2017-04-01,2,316.0
UT,2017-07-01,2,285.0
UT,2017-10-01,0,0.0
UT,2018-01-01,0,0.0
UT,2018-04-01,0,0.0
UT,2018-07-01,0,0.0
UT,2018-10-01,0,0.0
UT,2019-01-01,0,0.0
UT,2019-04-01,0,0.0
UT,2019-07-01,0,0.0
UT,2019-10-01,0,0.0
UT,2020-01-01,5,722.0
UT,2020-04-01,18,3449.0
UT,2020-07-01,8,1005.0
UT,2020-10-01,2,199.0
UT,2021-01-01,4,438.0
UT,2021-04-01,2,168.0
UT,2021-07-01,4,725.0
VA,2010-07-01,10,1118.0
VA,2010-10-01,13,1656.0
VA,2011-01-01,15,1338.0
VA,2011-04-01,20,1966.0
VA,2011-07-01,9,947.0
VA,2011-10-01,17,1378.0
VA,2012-01-01,23,2449.0
VA,2012-04-01,19,2557.0
VA,2012-07-01,15,1549.0
VA,2012-10-01,22,2544.0
VA,2013-01-01,26,2517.0
VA,2013-04-01,17,1559.0
VA,2013-07-01,12,952.0
VA,2013-10-01,10,858.0
VA,2014-01-01,18,2041.0
VA,2014-04-01,19,1746.0
VA,2014-07-01,16,1877.0
VA,2014-10-01,15,1415.0
VA,2015-01-01,18,2246.0
VA,2015-04-01,10,960.0
VA,2015-07-01,11,4025.0
VA,2015-10-01,15,2908.0
VA,2016-01-01,21,2961.0
VA,2016-04-01,11,1202.0
VA,2016-07-01,9,1233.0
VA,2016-10-01,18,2133.0
VA,2017-01-01,13,1230.0
VA,2017-04-01,25,2751.0
VA,2017-07-01,12,1068.0
VA,2017-10-01,11,1131.0
VA,2018-01-01,59,5780.0
VA,2018-04-01,11,1284.0
VA,2018-07-01,16,1182.0
VA,2018-10-01,8,1362.0
VA,2019-01-01,16,1849.0
VA,2019-04-01,20,2366.0
VA,2019-07-01,10,1795.0
VA,2019-10-01,20,2974.0
VA,2020-01-01,78,6524.0
VA,2020-04-01,108,12842.0
VA,2020-07-01,22,6871.0
VA,2020-10-01,19,2820.0
VA,2021-01-01,14,1672.0
VA,2021-04-01,15,1516.0
VA,2021-07-01,4,375.0
VA,2021-10-01,4,363.0
VA,2022-01-01,9,697.0
VA,2022-04-01,11,1017.0
VA,2022-07-01,1,95.0
VA,2022-10-01,9,801.0
VA,2023-01-01,10,1163.0
VA,2023-04-01,9,1306.0
VA,2023-07-01,24,1460.0
VA,2023-10-01,13,942.0
VA,2024-01-01,10,814.0
VA,2024-04-01,6,1045.0
VA,2024-07-01,11,1908.0
VA,2024-10-01,4,582.0
VA,2025-01-01,13,1967.0
VA,2025-04-01,14,2366.0
VA,2025-07-01,13,767.0
VA,2025-10-01,23,1540.0
VA,2026-01-01,18,2444.0
VA,2026-04-01,12,2157.0
VT,2003-07-01,1,142.0
VT,2003-10-01,2,133.0
VT,2004-01-01,0,0.0
VT,2004-04-01,1,25.0
VT,2004-07-01,2,257.0
VT,2004-10-01,0,0.0
VT,2005-01-01,0,0.0
VT,2005-04-01,1,138.0
VT,2005-07-01,2,113.0
VT,2005-10-01,0,0.0
VT,2006-01-01,1,189.0
VT,2006-04-01,0,0.0
VT,2006-07-01,0,0.0
VT,2006-10-01,1,6.0
VT,2007-01-01,2,192.0
VT,2007-04-01,0,0.0
VT,2007-07-01,5,570.0
VT,2007-10-01,3,347.0
VT,2008-01-01,2,32.0
VT,2008-04-01,8,655.0
VT,2008-07-01,3,181.0
VT,2008-10-01,12,576.0
VT,2009-01-01,12,516.0
VT,2009-04-01,2,280.0
VT,2009-07-01,2,79.0
VT,2009-10-01,2,99.0
VT,2010-01-01,1,9.0
VT,2010-04-01,1,5.0
VT,2010-07-01,3,292.0
VT,2010-10-01,1,28.0
VT,2011-01-01,0,0.0
VT,2011-04-01,2,6.0
VT,2011-07-01,5,142.0
VT,2011-10-01,2,31.0
VT,2012-01-01,6,128.0
VT,2012-04-01,8,130.0
VT,2012-07-01,5,85.0
VT,2012-10-01,11,179.0
VT,2013-01-01,7,297.0
VT,2013-04-01,3,38.0
VT,2013-07-01,14,1036.0
VT,2013-10-01,2,31.0
VT,2014-01-01,2,248.0
VT,2014-04-01,9,270.0
VT,2014-07-01,3,107.0
VT,2014-10-01,3,175.0
VT,2015-01-01,7,125.0
VT,2015-04-01,13,519.0
VT,2015-07-01,13,317.0
VT,2015-10-01,9,10000156.0
VT,2016-01-01,8,326.0
VT,2016-04-01,6,278.0
VT,2016-07-01,5,178.0
VT,2016-10-01,5,66.0
VT,2017-01-01,11,316.0
VT,2017-04-01,8,278.0
VT,2017-07-01,4,103.0
VT,2017-10-01,5,123.0
VT,2018-01-01,8,353.0
VT,2018-04-01,7,234.0
VT,2018-07-01,0,0.0
VT,2018-10-01,6,338.0
VT,2019-01-01,8,520.0
VT,2019-04-01,1,22.0
VT,2019-07-01,0,0.0
VT,2019-10-01,1,78.0
VT,2020-01-01,8,669.0
VT,2020-04-01,6,581.0
VT,2020-07-01,1,30.0
VT,2020-10-01,3,134.0
VT,2021-01-01,2,108.0
VT,2021-04-01,3,251.0
VT,2021-07-01,3,275.0
VT,2021-10-01,0,0.0
VT,2022-01-01,1,36.0
WA,2014-07-01,7,1146.0
WA,2014-10-01,13,1969.0
WA,2015-01-01,9,902.0
WA,2015-04-01,10,1000.0
WA,2015-07-01,11,1907.0
WA,2015-10-01,9,1712.0
WA,2016-01-01,18,1681.0
WA,2016-04-01,13,2029.0
WA,2016-07-01,11,905.0
WA,2016-10-01,14,2014.0
WA,2017-01-01,13,2269.0
WA,2017-04-01,10,1783.0
WA,2017-07-01,9,649.0
WA,2017-10-01,12,502.0
WA,2018-01-01,15,1459.0
WA,2018-04-01,7,867.0
WA,2018-07-01,3,490.0
WA,2018-10-01,8,620.0
WA,2019-01-01,13,3274.0
WA,2019-04-01,11,2636.0
WA,2019-07-01,22,2398.0
WA,2019-10-01,20,1736.0
WA,2020-01-01,53,7244.0
WA,2020-04-01,119,26906.0
WA,2020-07-01,56,9476.0
WA,2020-10-01,21,1871.0
WA,2021-01-01,14,997.0
WA,2021-04-01,9,1651.0
WA,2021-07-01,3,294.0
WA,2021-10-01,5,286.0
WA,2022-01-01,5,564.0
WA,2022-04-01,10,976.0
WA,2022-07-01,7,966.0
WA,2022-10-01,12,3185.0
WA,2023-01-01,24,6364.0
WA,2023-04-01,14,10536.0
WA,2023-07-01,18,2645.0
WA,2023-10-01,16,1870.0
WA,2024-01-01,25,6472.0
WA,2024-04-01,19,1659.0
WA,2024-07-01,6,384.0
WA,2024-10-01,9,1488.0
WA,2025-01-01,14,2057.0
WA,2025-04-01,20,4173.0
WA,2025-07-01,55,11367.0
WA,2025-10-01,41,13059.0
WA,2026-01-01,34,6093.0
WA,2026-04-01,9,453.0
WI,2020-01-01,84,8682.0
WI,2020-04-01,120,15300.0
WI,2020-07-01,68,6269.0
WI,2020-10-01,30,926.0
WI,2021-01-01,21,904.0
WI,2021-04-01,10,988.0
WI,2021-07-01,6,345.0
WI,2021-10-01,5,229.0
WI,2022-01-01,11,949.0
WI,2022-04-01,9,806.0
WI,2022-07-01,25,1347.0
WI,2022-10-01,16,767.0
WI,2023-01-01,58,2127.0
WI,2023-04-01,29,1441.0
WI,2023-07-01,23,1097.0
WI,2023-10-01,20,2033.0
WI,2024-01-01,41,2989.0
WI,2024-04-01,29,2383.0
WI,2024-07-01,30,640.0
WI,2024-10-01,15,1760.0
WI,2025-01-01,14,932.0
WI,2025-04-01,20,1012.0
WI,2025-07-01,20,999.0
WI,2025-10-01,16,843.0
WI,2026-01-01,22,1925.0
WI,2026-04-01,16,887.0
WV,2021-10-01,2,0.0
WV,2022-01-01,6,322.0
WV,2022-04-01,0,0.0
WV,2022-07-01,4,31.0
WV,2022-10-01,1,0.0
WV,2023-01-01,5,252.0
WV,2023-04-01,9,912.0
WV,2023-07-01,1,145.0
WV,2023-10-01,0,0.0
WV,2024-01-01,3,964.0
WV,2024-04-01,2,88.0
WV,2024-07-01,6,53.0
WV,2024-10-01,3,67.0
WV,2025-01-01,5,0.0
WV,2025-04-01,15,0.0
WV,2025-07-01,1,0.0
WV,2025-10-01,0,0.0
WV,2026-01-01,2,0.0
