observation_date,CPGRLE01MXM659N
1980-01-01,22.6551399999999994
1980-02-01,23.6349300000000007
1980-03-01,24.3468100000000014
1980-04-01,25.3019299999999987
1980-05-01,25.6813000000000002
1980-06-01,26.0319900000000004
1980-07-01,27.4970399999999984
1980-08-01,28.6148799999999994
1980-09-01,28.9638300000000015
1980-10-01,29.5290600000000012
1980-11-01,30.0036799999999992
1980-12-01,30.9532099999999986
1981-01-01,28.2610700000000001
1981-02-01,28.6234299999999990
1981-03-01,28.7740400000000029
1981-04-01,29.6944000000000017
1981-05-01,29.6746100000000013
1981-06-01,29.5385400000000011
1981-07-01,28.9779400000000038
1981-08-01,29.1271999999999984
1981-09-01,29.7844599999999993
1981-10-01,30.2614700000000028
1981-11-01,30.4848099999999995
1981-12-01,30.5958700000000015
1982-01-01,31.3263700000000007
1982-02-01,33.6183900000000051
1982-03-01,36.1782499999999985
1982-04-01,40.1796599999999984
1982-05-01,46.0238299999999967
1982-06-01,51.5812299999999979
1982-07-01,56.2220000000000013
1982-08-01,67.4616900000000044
1982-09-01,73.4815800000000223
1982-10-01,77.7740799999999979
1982-11-01,83.8961299999999994
1982-12-01,95.2634000000000043
1983-01-01,111.2146000000000043
1983-02-01,114.6409000000000020
1983-03-01,116.6193999999999988
1983-04-01,116.7834000000000003
1983-05-01,113.9228999999999985
1983-06-01,111.1623000000000019
1983-07-01,110.5014999999999930
1983-08-01,100.8173000000000030
1983-09-01,96.6787300000000016
1983-10-01,94.1257399999999933
1983-11-01,93.2999700000000018
1983-12-01,84.5317500000000024
1984-01-01,72.3537800000000004
1984-02-01,70.6559900000000027
1984-03-01,69.0621000000000009
1984-04-01,66.0001199999999955
1984-05-01,63.5760599999999982
1984-06-01,63.1025300000000016
1984-07-01,61.0001300000000057
1984-08-01,59.0324600000000004
1984-09-01,59.1931199999999933
1984-10-01,59.4515000000000029
1984-11-01,56.7936100000000010
1984-12-01,56.1088900000000024
1985-01-01,57.4922699999999978
1985-02-01,55.8084899999999990
1985-03-01,55.6993800000000050
1985-04-01,54.8437699999999921
1985-05-01,54.5650100000000009
1985-06-01,53.3558700000000030
1985-07-01,54.1322900000000047
1985-08-01,56.4695999999999998
1985-09-01,58.0181699999999978
1985-10-01,58.7311900000000051
1985-11-01,61.2903000000000020
1985-12-01,64.6077300000000037
1986-01-01,67.1769699999999972
1986-02-01,68.7646300000000110
1986-03-01,69.6565400000000068
1986-04-01,72.3091300000000103
1986-05-01,75.6076400000000035
1986-06-01,81.2498800000000045
1986-07-01,84.3425500000000028
1986-08-01,91.1417000000000002
1986-09-01,93.8124799999999937
1986-10-01,97.1030700000000024
1986-11-01,100.2473999999999990
1986-12-01,103.8070000000000022
1987-01-01,105.5788000000000011
1987-02-01,109.1303000000000054
1987-03-01,113.1556000000000068
1987-04-01,119.7176999999999936
1987-05-01,125.9321000000000055
1987-06-01,128.9863000000000000
1987-07-01,135.2067000000000121
1987-08-01,133.9766999999999939
1987-09-01,136.0655999999999892
1987-10-01,141.9501999999999953
1987-11-01,147.0489000000000033
1987-12-01,163.5184999999999889
1988-01-01,175.3278999999999996
1988-02-01,181.6020000000000039
1988-03-01,179.2282999999999902
1988-04-01,166.9205000000000041
1988-05-01,153.1431000000000040
1988-06-01,139.4472000000000094
1988-07-01,123.3738000000000028
1988-08-01,109.4639999999999986
1988-09-01,97.2446300000000008
1988-10-01,83.1475800000000049
1988-11-01,69.8065600000000046
1988-12-01,50.4134799999999998
1989-01-01,35.7498099999999965
1989-02-01,26.6009799999999998
1989-03-01,21.2787199999999999
1989-04-01,19.1410899999999984
1989-05-01,18.1342399999999984
1989-06-01,17.3951700000000002
1989-07-01,17.1866200000000013
1989-08-01,17.1482899999999994
1989-09-01,18.0681900000000013
1989-10-01,19.0297599999999996
1989-11-01,19.5993700000000004
1989-12-01,21.2509300000000003
1990-01-01,23.7035400000000003
1990-02-01,23.8311400000000013
1990-03-01,24.0680699999999987
1990-04-01,24.6843900000000005
1990-05-01,25.6528400000000012
1990-06-01,27.0443200000000026
1990-07-01,28.1178900000000027
1990-08-01,28.7400400000000040
1990-09-01,29.0546599999999984
1990-10-01,29.2735899999999987
1990-11-01,30.3850900000000017
1990-12-01,30.2764200000000017
1991-01-01,27.6402500000000018
1991-02-01,27.5103100000000005
1991-03-01,27.5870700000000006
1991-04-01,26.7200400000000009
1991-05-01,25.3832200000000014
1991-06-01,23.9378099999999989
1991-07-01,22.8472100000000005
1991-08-01,21.9192399999999985
1991-09-01,21.4242500000000007
1991-10-01,20.9455999999999989
1991-11-01,20.4915400000000005
1991-12-01,19.3888399999999983
1992-01-01,18.5991399999999985
1992-02-01,17.8453499999999998
1992-03-01,17.1207799999999999
1992-04-01,16.9901799999999987
1992-05-01,17.0585899999999988
1992-06-01,16.8760499999999993
1992-07-01,16.6959599999999995
1992-08-01,16.6762100000000011
1992-09-01,16.4941899999999997
1992-10-01,15.8625600000000002
1992-11-01,14.5755999999999997
1992-12-01,13.6796399999999991
1993-01-01,12.9372399999999992
1993-02-01,12.6271500000000003
1993-03-01,12.5162999999999993
1993-04-01,12.1796100000000003
1993-05-01,11.6141100000000002
1993-06-01,11.2636400000000005
1993-07-01,10.8764400000000006
1993-08-01,10.6303099999999997
1993-09-01,10.3534400000000009
1993-10-01,10.1602300000000003
1993-11-01,9.7721820000000008
1993-12-01,9.1613439999999997
1994-01-01,8.4511550000000000
1994-02-01,8.1686960000000006
1994-03-01,7.8177350000000017
1994-04-01,7.6625579999999998
1994-05-01,7.6490460000000002
1994-06-01,7.5458070000000017
1994-07-01,7.4118380000000004
1994-08-01,7.1988859999999999
1994-09-01,7.0343950000000000
1994-10-01,6.8883539999999996
1994-11-01,6.8999180000000004
1994-12-01,7.1182690000000006
1995-01-01,10.0340000000000007
1995-02-01,13.6351399999999998
1995-03-01,19.4776200000000017
1995-04-01,28.0500200000000000
1995-05-01,32.5096099999999950
1995-06-01,35.5927099999999967
1995-07-01,37.5194199999999967
1995-08-01,39.2501000000000033
1995-09-01,41.1714399999999969
1995-10-01,42.8732800000000012
1995-11-01,44.7649899999999974
1995-12-01,47.7030400000000014
1996-01-01,47.8476799999999969
1996-02-01,45.2293999999999983
1996-03-01,40.2640600000000006
1996-04-01,33.1595200000000006
1996-05-01,30.1342600000000012
1996-06-01,28.6098600000000012
1996-07-01,28.2465100000000007
1996-08-01,27.8754300000000015
1996-09-01,27.4186599999999991
1996-10-01,26.7826500000000003
1996-11-01,26.1108900000000013
1996-12-01,26.8053699999999999
1997-01-01,25.2121099999999991
1997-02-01,24.6761799999999987
1997-03-01,23.7965899999999984
1997-04-01,22.5628300000000017
1997-05-01,21.9548799999999993
1997-06-01,21.2595300000000016
1997-07-01,20.5913499999999985
1997-08-01,19.9611200000000011
1997-09-01,19.4051399999999994
1997-10-01,19.0954599999999992
1997-11-01,18.7970800000000011
1997-12-01,16.4168299999999974
1998-01-01,16.3907500000000006
1998-02-01,16.3377300000000005
1998-03-01,16.0391100000000009
1998-04-01,15.7130500000000008
1998-05-01,15.3869900000000008
1998-06-01,15.2404299999999981
1998-07-01,15.1534899999999997
1998-08-01,15.3429000000000002
1998-09-01,15.7556200000000004
1998-10-01,16.0292099999999991
1998-11-01,16.3867300000000000
1998-12-01,17.3322399999999988
1999-01-01,17.1574100000000023
1999-02-01,17.1692399999999985
1999-03-01,17.5800400000000003
1999-04-01,17.7445100000000018
1999-05-01,17.6868499999999997
1999-06-01,17.5184399999999982
1999-07-01,17.3580299999999994
1999-08-01,16.9827200000000005
1999-09-01,16.5431100000000022
1999-10-01,16.0623299999999993
1999-11-01,15.5242000000000004
1999-12-01,14.0819600000000005
2000-01-01,13.4160699999999995
2000-02-01,12.6944400000000002
2000-03-01,11.6984100000000009
2000-04-01,11.0430499999999991
2000-05-01,10.5725899999999999
2000-06-01,10.2339900000000004
2000-07-01,9.8920820000000003
2000-08-01,9.6706830000000004
2000-09-01,9.2377929999999999
2000-10-01,9.1428700000000003
2000-11-01,9.0498729999999998
2000-12-01,8.8407270000000011
2001-01-01,8.0305339999999994
2001-02-01,7.4467100000000004
2001-03-01,7.3701100000000004
2001-04-01,7.1935640000000003
2001-05-01,7.1091460000000009
2001-06-01,6.9522320000000004
2001-07-01,6.5218509999999998
2001-08-01,6.3266060000000000
2001-09-01,6.3307710000000004
2001-10-01,6.0013790000000000
2001-11-01,5.5487580000000003
2001-12-01,5.0776199999999996
2002-01-01,3.8188670000000000
2002-02-01,3.5459610000000001
2002-03-01,3.4029349999999998
2002-04-01,3.4625300000000001
2002-05-01,3.3704670000000001
2002-06-01,3.3931550000000001
2002-07-01,3.6468229999999999
2002-08-01,3.6655169999999999
2002-09-01,3.4862300000000004
2002-10-01,3.4127660000000004
2002-11-01,3.3774530000000000
2002-12-01,3.3863289999999999
2003-01-01,4.3939969999999997
2003-02-01,4.4895639999999997
2003-03-01,4.4246429999999997
2003-04-01,4.2507750000000000
2003-05-01,4.1319309999999998
2003-06-01,3.9016470000000001
2003-07-01,3.8149609999999998
2003-08-01,3.8173010000000001
2003-09-01,3.6012590000000002
2003-10-01,3.5561680000000000
2003-11-01,3.5909680000000002
2003-12-01,3.5754929999999998
2004-01-01,3.6458789999999999
2004-02-01,3.7656390000000002
2004-03-01,3.7501600000000002
2004-04-01,3.7996560000000001
2004-05-01,3.7703389999999999
2004-06-01,3.8836149999999998
2004-07-01,3.9242330000000001
2004-08-01,3.8590119999999999
2004-09-01,3.9317000000000002
2004-10-01,4.0119850000000001
2004-11-01,4.0103839999999993
2004-12-01,4.0385929999999997
2005-01-01,3.8922469999999998
2005-02-01,3.7044589999999999
2005-03-01,3.6487569999999998
2005-04-01,3.5166200000000001
2005-05-01,3.4853770000000002
2005-06-01,3.5012760000000003
2005-07-01,3.5492430000000001
2005-08-01,3.3835300000000004
2005-09-01,3.2709560000000000
2005-10-01,3.2094589999999998
2005-11-01,3.2454420000000002
2005-12-01,3.3347639999999998
2006-01-01,3.2457330000000000
2006-02-01,3.1336210000000002
2006-03-01,3.1799930000000001
2006-04-01,3.2606160000000002
2006-05-01,3.1696780000000002
2006-06-01,3.2080639999999998
2006-07-01,3.2294019999999999
2006-08-01,3.3373730000000004
2006-09-01,3.3986400000000003
2006-10-01,3.3937800000000005
2006-11-01,3.3122419999999999
2006-12-01,3.3100540000000001
2007-01-01,3.4564190000000004
2007-02-01,3.6128330000000002
2007-03-01,3.5175559999999999
2007-04-01,3.3172320000000002
2007-05-01,3.3735610000000000
2007-06-01,3.3217400000000001
2007-07-01,3.3197860000000001
2007-08-01,3.3189250000000001
2007-09-01,3.2379860000000003
2007-10-01,3.2875820000000000
2007-11-01,3.2876979999999998
2007-12-01,3.2829739999999998
2008-01-01,3.2995100000000002
2008-02-01,3.3986980000000004
2008-03-01,3.6881290000000000
2008-04-01,3.8038330000000000
2008-05-01,3.9713069999999999
2008-06-01,4.1621579999999998
2008-07-01,4.3460310000000000
2008-08-01,4.5780930000000000
2008-09-01,4.7919330000000002
2008-10-01,4.9272910000000003
2008-11-01,5.2011940000000001
2008-12-01,5.3781169999999996
2009-01-01,5.2956209999999997
2009-02-01,5.2306410000000003
2009-03-01,5.1490650000000002
2009-04-01,5.2758120000000002
2009-05-01,5.1182850000000002
2009-06-01,4.9519859999999998
2009-07-01,4.8328199999999999
2009-08-01,4.5712339999999996
2009-09-01,4.2935809999999996
2009-10-01,4.1862719999999998
2009-11-01,3.8753080000000000
2009-12-01,3.8563459999999998
2010-01-01,4.4504769999999994
2010-02-01,4.5862740000000004
2010-03-01,4.5921360000000000
2010-04-01,4.2851499999999998
2010-05-01,4.2862190000000000
2010-06-01,4.2518609999999999
2010-07-01,4.1657080000000004
2010-08-01,4.0832899999999999
2010-09-01,4.1142279999999998
2010-10-01,4.0548970000000004
2010-11-01,4.1138420000000000
2010-12-01,4.0208080000000006
2011-01-01,3.5622050000000005
2011-02-01,3.3326810000000000
2011-03-01,3.0151849999999998
2011-04-01,2.9806140000000001
2011-05-01,3.0991830000000000
2011-06-01,3.0396030000000001
2011-07-01,3.0128509999999999
2011-08-01,3.0014820000000002
2011-09-01,2.8372190000000002
2011-10-01,2.7531550000000000
2011-11-01,2.6899730000000002
2011-12-01,2.6838560000000000
2012-01-01,2.4816940000000001
2012-02-01,2.4634630000000000
2012-03-01,2.4768699999999999
2012-04-01,2.6091850000000001
2012-05-01,2.7270330000000000
2012-06-01,2.7421660000000001
2012-07-01,2.7950580000000000
2012-08-01,2.8920290000000000
2012-09-01,2.7859200000000000
2012-10-01,2.8344990000000001
2012-11-01,2.5539480000000001
2012-12-01,2.2195809999999998
2013-01-01,2.3888840000000000
2013-02-01,2.6987250000000000
2013-03-01,2.8494020000000000
2013-04-01,2.9929299999999999
2013-05-01,2.9778500000000001
2013-06-01,3.0333830000000002
2013-07-01,2.8231950000000001
2013-08-01,2.7096350000000000
2013-09-01,2.9018440000000001
2013-10-01,2.8615719999999998
2013-11-01,3.0231659999999998
2013-12-01,3.4027140000000000
2014-01-01,3.6730790000000000
2014-02-01,3.3491789999999999
2014-03-01,3.2305820000000001
2014-04-01,3.2262450000000000
2014-05-01,3.0718510000000001
2014-06-01,3.0641229999999999
2014-07-01,3.1948390000000000
2014-08-01,3.2883309999999999
2014-09-01,3.2580520000000002
2014-10-01,3.2341620000000000
2014-11-01,3.2459920000000002
2014-12-01,3.0321199999999999
2015-01-01,2.2494110000000003
2015-02-01,2.3599670000000001
2015-03-01,2.4728490000000001
2015-04-01,2.3377020000000002
2015-05-01,2.3769499999999999
2015-06-01,2.3827099999999999
2015-07-01,2.3718659999999998
2015-08-01,2.3835950000000001
2015-09-01,2.4610520000000000
2015-10-01,2.5420919999999998
2015-11-01,2.3804380000000003
2015-12-01,2.4354190000000000
2016-01-01,2.7167960000000000
2016-02-01,2.6601230000000000
2016-03-01,2.6683100000000000
2016-04-01,2.6075569999999999
2016-05-01,2.6026440000000002
2016-06-01,2.6220050000000001
2016-07-01,2.7946369999999998
2016-08-01,2.7462100000000000
2016-09-01,2.7911800000000002
2016-10-01,2.8045900000000001
2016-11-01,3.0168910000000002
2016-12-01,3.1552030000000002
2017-01-01,3.5283550000000004
2017-02-01,3.8824200000000002
2017-03-01,4.0547500000000003
2017-04-01,4.4084120000000002
2017-05-01,4.6556509999999998
2017-06-01,4.7023359999999998
2017-07-01,4.6317610000000000
2017-08-01,4.7472799999999999
2017-09-01,4.5103700000000000
2017-10-01,4.6917169999999997
2017-11-01,4.8000280000000002
2017-12-01,4.7891550000000001
2018-01-01,4.4199859999999997
2018-02-01,4.1946430000000001
2018-03-01,4.0211629999999996
2018-04-01,3.7277190000000000
2018-05-01,3.6243150000000002
2018-06-01,3.5823890000000000
2018-07-01,3.5610230000000005
2018-08-01,3.4981700000000000
2018-09-01,3.5939960000000002
2018-10-01,3.4856850000000001
2018-11-01,3.3751050000000005
2018-12-01,3.4308239999999999
2019-01-01,3.4258340000000000
2019-02-01,3.3545980000000002
2019-03-01,3.3521510000000001
2019-04-01,3.6811479999999999
2019-05-01,3.5347909999999998
2019-06-01,3.5716070000000002
2019-07-01,3.5910269999999995
2019-08-01,3.6149230000000001
2019-09-01,3.6046010000000002
2019-10-01,3.5467830000000000
2019-11-01,3.5591499999999998
2019-12-01,3.5181969999999998
2020-01-01,3.5730219999999999
2020-02-01,3.4913889999999999
2020-03-01,3.4164560000000002
2020-04-01,3.0960280000000000
2020-05-01,3.0928369999999998
2020-06-01,3.0953569999999999
2020-07-01,3.1736369999999998
2020-08-01,3.2345809999999999
2020-09-01,3.2427030000000001
2020-10-01,3.2049759999999998
2020-11-01,2.8313650000000004
2020-12-01,2.9757030000000002
2021-01-01,3.0255850000000000
2021-02-01,3.0589550000000001
2021-03-01,3.2883499999999999
2021-04-01,3.4403519999999999
2021-05-01,3.7318300000000000
2021-06-01,3.9295390000000001
2021-07-01,3.9245310000000000
2021-08-01,3.9476540000000000
2021-09-01,4.0137970000000003
2021-10-01,4.2367580000000000
2021-11-01,4.6977699999999993
2021-12-01,4.9120260000000000
2022-01-01,5.0662880000000001
2022-02-01,5.3895200000000001
2022-03-01,5.4704179999999996
2022-04-01,5.7767970000000002
2022-05-01,5.7517329999999998
2022-06-01,5.9121699999999997
2022-07-01,6.0890240000000002
2022-08-01,6.3495230000000005
2022-09-01,6.5008029999999994
2022-10-01,6.5503920000000004
2022-11-01,6.6332369999999994
2022-12-01,6.4120330000000001
2023-01-01,6.5904809999999996
2023-02-01,6.5116100000000001
2023-03-01,6.4701309999999994
2023-04-01,6.2345780000000000
2023-05-01,6.1155999999999997
2023-06-01,5.7267340000000004
2023-07-01,5.5910789999999997
2023-08-01,5.2950280000000003
2023-09-01,5.1654900000000001
2023-10-01,5.0254709999999996
2023-11-01,4.8209290000000005
2023-12-01,4.7140559999999994
2024-01-01,4.4804959999999996
2024-02-01,4.4183330000000005
2024-03-01,4.3495150000000002
2024-04-01,4.1677800000000005
2024-05-01,4.0559089999999998
2024-06-01,4.0600899999999998
2024-07-01,4.0298600000000002
