proxy,sample,detrend,scheme,family,sigma_hat,se,resp_h12,peak_h,n_obs,error,diag_n_fail,ci_lo,ci_hi,diag_n_accepted,diag_n_trad,diag_n_narr,diag_ess,diag_events,diag_first_stage_F,diag_fev_share,diag_u_col,diag_var_ratio,diag_k_breaks,diag_kurt,diag_p_aug,diag_hd_events
jln,pre2020,fd,proxy,proxy,-46.75623780391811,35.555641083144735,-46.7237596821137,14,714,,,-105.2400629981135,11.727587390277279,,,,,,12.81,,,,,,,
jln,pre2020,lt,proxy,proxy,-44.69052538386986,27.846557875447925,-43.03865938562639,8,714,,,-90.49403710341446,1.1129863356747407,,,,,,13.64,,,,,,,
jln,full,lt,proxy,proxy,-38.32812954218568,22.786111162255512,-33.31280532657279,4,786,,,-75.80794713154108,-0.8483119528302723,,,,,,3.89,,,,,,,
jln,full,fd,proxy,proxy,-36.777404356259574,32.090289338326876,-33.44657462525294,6,786,,,-89.5612331643287,16.00642445180955,,,,,,3.66,,,,,,,
jln,pre2020,fd,sign,sign,-17.960382773583127,9.859298544393178,-17.225992509543786,24,714,,,-34.17748574352562,-1.743279803640636,291.0,,,,,,,,,,,,
jln,post1985,fd,proxy,proxy,-16.068445078880014,16.622620828062864,-15.269851355995515,24,492,,,-43.410223237358295,11.27333307959827,,,,,,2.61,,,,,,,
jln,pre2020,fd,rigobon,heteroskedasticity,-15.264880780241295,6.115482969596261,-13.614329755806128,24,714,,0.0,-25.323955123341666,-5.205806437140925,,,,,,,,3.0,3.28,,,,
jln,pre2020,lt,sign,sign,-15.185142464060338,6.53182509590222,-15.181926453926119,13,714,,,-25.929038663667754,-4.441246264452923,328.0,,,,,,,,,,,,
wui,post1985,fd,proxy,proxy,-15.175771485248982,9.904621323170597,-11.45285080557204,1,475,,,-31.467423792247025,1.1158808217490641,,,,,,3.39,,,,,,,
wui,post1985,lt,proxy,proxy,-14.850683684378149,8.892964200867569,-10.335698802602014,1,475,,,-29.47830810452477,-0.22305926423152833,,,,,,3.29,,,,,,,
jln,full,lt,sign,sign,-14.666522245176465,6.190336204341596,-14.030296976102727,7,786,,,-24.84871920293675,-4.48432528741618,324.0,,,,,,,,,,,,
jln,full,fd,sign,sign,-14.584057773411196,9.98249050914388,-14.07898081090421,24,786,,,-31.003793493385153,1.835677946562761,220.0,,,,,,,,,,,,
jln,post1985,fd,rigobon,heteroskedasticity,-13.240432933894715,5.26136032888592,-12.848608128429683,24,492,,0.0,-21.89460055356131,-4.586265314228118,,,,,,,,2.0,5.32,,,,
jln,post1985,lt,proxy,proxy,-12.781423649348838,6.210563602152759,-12.601755505858913,17,492,,,-22.996891715762604,-2.5659555829350715,,,,,,2.71,,,,,,,
jln,post1985,lt,rigobon,heteroskedasticity,-12.640705981662283,3.9249990081855892,-12.640705981662283,12,492,,0.0,-19.09675483605728,-6.184657127267285,,,,,,,,2.0,5.24,,,,
jln,post1985,lt,sign,sign,-11.83019128756177,6.696749800476982,-11.83019128756177,12,492,,,-22.84536448566288,-0.8150180894606578,254.0,,,,,,,,,,,,
jln,pre2020,fd,maxshare,max-share,-11.811378594413364,4.250458123395768,-10.003875436425353,24,714,,,-18.802760054886242,-4.819997133940486,,,,,,,0.015,,,,,,
jln,pre2020,lt,rigobon,heteroskedasticity,-11.557324014432453,4.764378004892466,-11.480094324805268,10,714,,0.0,-19.394028455947645,-3.7206195729172613,,,,,,,,3.0,3.23,,,,
jln,post1985,fd,sign,sign,-11.218615449262726,7.5783653668363415,-10.683410896846778,24,492,,,-23.68391720926691,1.2466863107414543,132.0,,,,,,,,,,,,
jln,full,fd,rigobon,heteroskedasticity,-11.15680584082502,4.441506714157793,-10.87030797020406,24,786,,0.0,-18.462434268736782,-3.851177412913259,,,,,,,,2.0,5.21,,,,
wui,full,fd,proxy,proxy,-10.966958626001638,9.648105901836459,-10.508747640533027,7,841,,,-26.836680611849243,4.902763359845967,,,,,,4.13,,,,,,,
jln,pre2020,fd,chol_first,recursive,-10.911813439494484,3.9513710908701354,-9.230557019628895,24,714,,0.0,-17.411240509743422,-4.412386369245547,,,,,,,,,,,,,
jln,full,lt,rigobon,heteroskedasticity,-10.510646748319855,4.381170400621333,-10.496066284214285,14,786,,0.0,-17.71703077207429,-3.3042627245654224,,,,,,,,2.0,5.19,,,,
jln,post1985,lt,narrative_t3,narrative-sign,-10.214737360592853,1.1906366304188123,-10.202086456794415,10,492,,,-12.173160340518516,-8.25631438066719,,269.0,28.0,12.8,1987-10+2001-09+2008-09+2020-03,,,,,,,,2008-09(II)+2020-03(III)
wui,full,lt,proxy,proxy,-10.17197879096627,6.02892371138363,-9.787250920788818,6,841,,,-20.088675824249364,-0.25528175768317496,,,,,,4.41,,,,,,,
jln,post1985,lt,narrative_t2,narrative-sign,-9.36790384666073,1.1616250724665205,-9.331523721472356,9,492,,,-11.278607060265053,-7.457200633056406,,273.0,17.0,10.8,1987-10+2001-09+2008-09+2020-03,,,,,,,,2008-09(II)+2020-03(II)
jln,full,lt,magmav,heteroskedasticity,-9.349260852630843,,-9.252017044000707,16,786,,,,,,,,,,,,2.0,,4.0,,,
jln,full,lt,narrative_t2,narrative-sign,-9.262557808083368,1.4046802040018316,-9.221596861449742,13,786,,,-11.573051136342714,-6.952064479824022,,305.0,50.0,33.0,1987-10+2001-09+2008-09+2020-03,,,,,,,,2008-09(II)+2020-03(II)
epu,pre2020,fd,proxy,proxy,-9.190580000101331,7.578545022254267,-8.805898555321443,24,786,,,-21.656177266971287,3.275017266768625,,,,,,9.68,,,,,,,
jln,full,lt,narrative_t3,narrative-sign,-9.12487903531034,1.292715683630566,-9.058610507494725,14,786,,,-11.251207116147128,-6.998550954473551,,307.0,46.0,34.8,1987-10+2001-09+2008-09+2020-03,,,,,,,,2008-09(II)+2020-03(III)
jln,full,fd,maxshare,max-share,-9.05604716112236,5.02104763105611,-7.752115941873813,24,786,,,-17.314935568161097,-0.79715875408362,,,,,,,0.023,,,,,,
jln,pre2020,lt,narrative_t2,narrative-sign,-8.845612445911552,2.950526421122512,-8.705587792344176,10,714,,,-13.698796531111062,-3.992428360712042,,318.0,77.0,50.5,1987-10+2001-09+2008-09,,,,,,,,2008-09(II)
jln,full,fd,chol_first,recursive,-8.833839092821307,4.290756323210432,-7.772320773904882,24,786,,0.0,-15.891505193418949,-1.7761729922236658,,,,,,,,,,,,,
jln,pre2020,lt,narrative,narrative-sign,-8.81703541116718,3.835584340153555,-8.62766205811875,8,714,,,-15.126010224547024,-2.5080605977873347,,331.0,117.0,117.0,1987-10+2001-09+2008-09,,,,,,,,
jln,full,lt,narrative,narrative-sign,-8.7472402221246,2.988965052402257,-8.384747446083196,17,786,,,-13.66365022939965,-3.8308302148495494,,320.0,79.0,79.0,1987-10+2001-09+2008-09+2020-03,,,,,,,,
jln,post1985,lt,narrative,narrative-sign,-8.70604315402837,3.3331129163919955,-8.668783174545707,11,492,,,-14.188526023594543,-3.223560284462197,,256.0,59.0,59.0,1987-10+2001-09+2008-09+2020-03,,,,,,,,
jln,pre2020,fd,chol_last,recursive,-8.518584678670335,3.548505036381355,-6.888278214815632,24,714,,0.0,-14.355356058017772,-2.681813299322897,,,,,,,,,,,,,
jln,full,fd,nongauss,non-Gaussian,-8.37914912295845,3.2839958079236267,-7.708176663194981,24,786,,0.0,-13.780841538515059,-2.977456707401843,,,,,,,,2.0,,,16.6,,
jln,pre2020,lt,maxshare,max-share,-8.301014145917529,1.7968399929926575,-8.110247663927908,17,714,,,-11.25655292544296,-5.345475366392098,,,,,,,0.015,,,,,,
jln,post1985,fd,maxshare,max-share,-8.234086641116434,6.770364464438375,-7.595791346552555,24,492,,,-19.370345186231255,2.902171903998388,,,,,,,0.02,,,,,,
epu,pre2020,lt,proxy,proxy,-8.175751861385448,4.459021199070834,-8.12855066915841,15,786,,,-15.510189053330613,-0.8413146694402842,,,,,,9.54,,,,,,,
jln,post1985,fd,chol_first,recursive,-7.976553600368458,5.372776751095279,-7.453327037111352,24,492,,0.0,-16.813984926208075,0.860877725471159,,,,,,,,,,,,,
jln,full,lt,chol_first,recursive,-7.870532552562276,1.5564915964562154,-7.377285031937071,23,786,,0.0,-10.430733400312768,-5.310331704811783,,,,,,,,,,,,,
jln,full,lt,maxshare,max-share,-7.704489763221694,1.7479751869776199,-7.038621908384468,24,786,,,-10.57965308934301,-4.829326437100379,,,,,,,0.023,,,,,,
jln,pre2020,lt,chol_first,recursive,-7.610630843655524,1.4548438234364978,-7.475067033706759,17,714,,0.0,-10.003635983282994,-5.217625704028054,,,,,,,,,,,,,
jln,post1985,lt,maxshare,max-share,-7.416419784023522,2.112871554865691,-7.218929385642229,19,492,,,-10.891784224326951,-3.9410553437200937,,,,,,,0.019,,,,,,
jln,post1985,lt,chol_first,recursive,-7.218268926189905,1.933588811667324,-7.114486336291306,18,492,,0.0,-10.39873949609369,-4.03779835628612,,,,,,,,,,,,,
jln,pre2020,lt,la_lp,local-projection,-6.909381052296196,1.575587531858209,-6.609170837346385,13,714,,,-9.500991918652689,-4.317770185939702,,,,,,,,,,,,30.0,
jln,post1985,fd,nongauss,non-Gaussian,-6.856024815857869,2.0258639740274447,-6.56136123913917,24,492,,0.0,-10.188274521247234,-3.5237751104685033,,,,,,,,1.0,,,19.69,,
jln,post1985,lt,magmav,heteroskedasticity,-6.66299289550256,,-6.615718141886689,10,492,,,,,,,,,,,,2.0,,4.0,,,
vix,pre2020,lt,narrative_t2,narrative-sign,-6.661603168421804,1.7467883559173571,-6.661603168421804,12,360,,,-9.534814331169068,-3.78839200567454,,255.0,113.0,17.2,2001-09+2008-09,,,,,,,,2008-09(II)
jln,post1985,lt,nongauss,non-Gaussian,-6.520119200915699,2.2406364390213303,-6.483669578297439,10,492,,0.0,-10.205638174319565,-2.8346002275118334,,,,,,,,1.0,,,20.44,,
jln,full,lt,la_lp,local-projection,-6.458609496987717,1.6185239032638319,-6.262566355312355,13,786,,,-9.120844409578885,-3.796374584396549,,,,,,,,,,,,30.0,
jln,full,lt,chol_last,recursive,-6.291100864586159,1.4655037895488523,-5.362309088601647,24,786,,0.0,-8.701640088136717,-3.8805616410356025,,,,,,,,,,,,,
jln,full,fd,chol_last,recursive,-6.212888181223961,3.2643148080529403,-5.242937630014977,24,786,,0.0,-11.58220823276124,-0.843568129686683,,,,,,,,,,,,,
jln,post1985,lt,la_lp,local-projection,-5.946187011332381,1.7036277462075102,-5.163205622613868,5,492,,,-8.748405288656967,-3.143968734007796,,,,,,,,,,,,30.0,
vix,pre2020,fd,sign,sign,-5.758453958527231,2.4370275475301613,-5.541506900862836,18,360,,,-9.767007559062868,-1.749900357991594,183.0,,,,,,,,,,,,
jln,pre2020,lt,chol_last,recursive,-5.670460088073692,1.6706330147229522,-5.347540995204163,21,714,,0.0,-8.418406861645611,-2.9225133145017717,,,,,,,,,,,,,
epu,pre2020,fd,sign,sign,-5.496779930325806,3.504382695098931,-5.1636364579499325,24,786,,,-11.260976516585258,0.26741665593364594,280.0,,,,,,,,,,,,
jln,full,lt,nongauss,non-Gaussian,-5.20646927450507,2.1025417044647234,-4.0363523554089875,24,786,,0.0,-8.6648426229106,-1.748095926099539,,,,,,,,2.0,,,11.31,,
wui,full,lt,narrative_t2,narrative-sign,-4.80717197451162,0.7273589779312841,-4.741962096307051,8,841,,,-6.003571027457609,-3.6107729215656317,,272.0,27.0,13.4,1987-10+2001-09+2008-09+2020-03,,,,,,,,2008-09(II)+2020-03(II)
jln,post1985,fd,chol_last,recursive,-4.76827005156085,4.202499065288533,-4.437436251712088,24,492,,0.0,-11.680765881360866,2.144225778239165,,,,,,,,,,,,,
vix,pre2020,fd,rigobon,heteroskedasticity,-4.707602343690539,1.3581545640427053,-4.544517335574861,18,360,,0.0,-6.941567804316878,-2.4736368830641995,,,,,,,,2.0,3.47,,,,
jln,post1985,lt,chol_last,recursive,-4.428603013907064,0.6095301004388247,-4.284372627478069,3,492,,0.0,-5.4311908103499595,-3.426015217464168,,,,,,,,,,,,,
wui,full,lt,narrative_t3,narrative-sign,-4.188762944950335,0.4894698492292136,-4.131585857759685,8,841,,,-4.993869201738398,-3.383656688162273,,298.0,35.0,18.5,1987-10+2001-09+2008-09+2020-03,,,,,,,,2008-09(II)+2020-03(III)
wui,post1985,lt,narrative,narrative-sign,-4.171677979360667,1.25849972116873,-4.16988206939839,13,475,,,-6.241725810242469,-2.101630148478865,,247.0,109.0,109.0,1987-10+2001-09+2008-09+2020-03,,,,,,,,
epu,pre2020,lt,sign,sign,-4.118347115983409,1.784497101021345,-3.8341170639608797,19,786,,,-7.053583644882756,-1.1831105870840615,319.0,,,,,,,,,,,,
wui,full,lt,sign,sign,-3.975805880203976,1.5874465087683889,-3.8627797802449715,7,841,,,-6.586923027743113,-1.3646887326648396,267.0,,,,,,,,,,,,
vix,pre2020,lt,sign,sign,-3.9456326212084454,2.019238136455171,-3.9456326212084454,12,360,,,-7.266983793635465,-0.6242814487814261,266.0,,,,,,,,,,,,
wui,post1985,lt,narrative_t2,narrative-sign,-3.9226454484893396,0.47073333485424346,-3.9226454484893396,12,475,,,-4.696932881651303,-3.1483580153273754,,218.0,26.0,12.8,1987-10+2001-09+2008-09+2020-03,,,,,,,,2008-09(II)+2020-03(II)
epu,full,lt,sign,sign,-3.8515429340060208,1.513346218119125,-3.623076485498622,21,857,,,-6.340775949712557,-1.3623099182994842,313.0,,,,,,,,,,,,
epu,full,fd,sign,sign,-3.8196019532575605,2.561137485211891,-3.601855034548544,24,857,,,-8.032298234929712,0.39309432841459113,223.0,,,,,,,,,,,,
vix,pre2020,lt,narrative,narrative-sign,-3.8059850073440984,1.4968127516319345,-3.8059850073440984,12,360,,,-6.268022890733099,-1.3439471239550977,,269.0,222.0,222.0,2001-09+2008-09,,,,,,,,
wui,pre2020,fd,proxy,proxy,-3.713618729831772,3.1133403629940433,-3.704293080677305,14,786,,,-8.834607917836937,1.4073704581733928,,,,,,4.99,,,,,,,
vix,pre2020,lt,rigobon,heteroskedasticity,-3.569878322193682,0.987771696822293,-3.569878322193682,12,360,,0.0,-5.19461818031184,-1.9451384640755234,,,,,,,,2.0,3.25,,,,
wui,post1985,fd,sign,sign,-3.561928125292518,1.8666971183925627,-3.515160202902928,17,475,,,-6.632371650900387,-0.49148459968464975,95.0,,,,,,,,,,,,
jln,pre2020,fd,nongauss,non-Gaussian,-3.5511597092209892,5.595835491538033,-1.9372669431582992,24,714,,0.0,-12.755490013301097,5.653170594859118,,,,,,,,3.0,,,1.92,,
epu,pre2020,fd,rigobon,heteroskedasticity,-3.5368392931365493,1.5979881974819,-3.0504074325483117,24,786,,0.0,-6.165295975590298,-0.9083826106828008,,,,,,,,3.0,3.47,,,,
wui,pre2020,fd,sign,sign,-3.507079278497593,2.026943257488538,-3.488033747539271,14,786,,,-6.841104247202447,-0.17305430979273906,285.0,,,,,,,,,,,,
wui,pre2020,lt,proxy,proxy,-3.4776143793316967,2.3736167613893193,-3.4700290967576404,11,786,,,-7.381866518295726,0.4266377596323325,,,,,,5.36,,,,,,,
epu,full,fd,proxy,proxy,-3.416063556777939,2.9470491672942645,-3.1325136918585055,24,857,,,-8.263528068406226,1.4314009548503477,,,,,,5.82,,,,,,,
wui,pre2020,lt,narrative_t2,narrative-sign,-3.4033005951101667,0.8145456367633012,-3.3605275225651763,5,786,,,-4.743108940057779,-2.0634922501625543,,297.0,48.0,25.0,1987-10+2001-09+2008-09,,,,,,,,2008-09(II)
vix,full,fd,sign,sign,-3.3265339939438943,2.1400773601747836,-3.306557736757309,15,438,,,-6.84664800178412,0.19358001389633062,107.0,,,,,,,,,,,,
wui,post1985,lt,narrative_t3,narrative-sign,-3.2574564327310864,0.3703486646824076,-3.2574564327310864,12,475,,,-3.8666257770705794,-2.6482870883915934,,231.0,22.0,12.0,1987-10+2001-09+2008-09+2020-03,,,,,,,,2008-09(II)+2020-03(III)
wui,pre2020,lt,sign,sign,-3.2483913996703233,1.7356848470260902,-3.196605305182881,14,786,,,-6.1033389155458995,-0.3934438837947476,268.0,,,,,,,,,,,,
wui,full,fd,sign,sign,-3.2176069823812865,2.0549459246287602,-3.2092650487332177,11,841,,,-6.59769223969605,0.16247827493347655,195.0,,,,,,,,,,,,
epu,pre2020,lt,narrative,narrative-sign,-3.1815349618073685,1.6856997545776315,-2.7812698043424557,23,786,,,-5.954264317075593,-0.4088056065391448,,295.0,218.0,218.0,1987-10+2001-09+2008-09,,,,,,,,
epu,full,lt,proxy,proxy,-3.118007005852631,1.4434572718869425,-2.9535743477432264,24,857,,,-5.4922829348653455,-0.7437310768399161,,,,,,6.01,,,,,,,
vix,full,lt,narrative_t2,narrative-sign,-3.1172862730650652,0.9233104284028096,-2.9518146217376864,9,438,,,-4.635996780025544,-1.5985757661045863,,257.0,83.0,27.0,2001-09+2008-09+2020-03,,,,,,,,2008-09(II)+2020-03(II)
epu,pre2020,lt,narrative_t2,narrative-sign,-3.0977839422811306,1.2341547624867097,-2.727518872769576,21,786,,,-5.127787879576828,-1.0677800049854334,,294.0,128.0,89.1,1987-10+2001-09+2008-09,,,,,,,,2008-09(II)
wui,post1985,lt,sign,sign,-2.980661518103004,1.5266214478422173,-2.966860864213335,8,475,,,-5.491730343568182,-0.4695926926378253,237.0,,,,,,,,,,,,
vix,full,lt,sign,sign,-2.943389516769319,1.980437106532165,-2.612936955760455,8,438,,,-6.2009186743980305,0.3141396408593917,263.0,,,,,,,,,,,,
epu,pre2020,lt,rigobon,heteroskedasticity,-2.9421110661304897,1.4546454169185628,-2.7583342787554774,23,786,,0.0,-5.3347898560773235,-0.5494322761836554,,,,,,,,3.0,3.43,,,,
vix,full,fd,rigobon,heteroskedasticity,-2.8585528127683357,1.192956651145731,-2.7986175088389995,9,438,,0.0,-4.820791887201274,-0.8963137383353978,,,,,,,,2.0,7.0,,,,
epu,full,lt,narrative_t2,narrative-sign,-2.7575914136754247,0.6473595275384976,-2.5634801363051762,24,857,,,-3.822403080488714,-1.6927797468621355,,294.0,96.0,43.4,1987-10+2001-09+2008-09+2020-03,,,,,,,,2008-09(II)+2020-03(II)
wui,full,lt,narrative,narrative-sign,-2.7212925916944974,0.622988602091489,-2.6488640506516044,7,841,,,-3.7460176533941105,-1.6965675299948844,,264.0,100.0,100.0,1987-10+2001-09+2008-09+2020-03,,,,,,,,
vix,full,lt,narrative,narrative-sign,-2.693513020446001,1.3145376532432147,-2.4908595741815875,8,438,,,-4.8557350471473795,-0.5312909937446229,,270.0,201.0,201.0,2001-09+2008-09+2020-03,,,,,,,,
vix,full,lt,narrative_t3,narrative-sign,-2.6690172417823588,0.6109000133854848,-2.5379500659337837,8,438,,,-3.6738583445041764,-1.6641761390605412,,271.0,51.0,20.0,2001-09+2008-09+2020-03,,,,,,,,2008-09(II)+2020-03(III)
vix,full,lt,rigobon,heteroskedasticity,-2.600045672534769,0.9082580486364992,-2.398291000461751,1,438,,0.0,-4.093997218042381,-1.1060941270271567,,,,,,,,2.0,6.89,,,,
epu,full,lt,narrative,narrative-sign,-2.5836872119138956,1.0257911364443522,-2.319376601948925,24,857,,,-4.27096348318906,-0.8964109406387304,,287.0,222.0,222.0,1987-10+2001-09+2008-09+2020-03,,,,,,,,
epu,full,lt,narrative_t3,narrative-sign,-2.47986625979962,0.5502023041982302,-2.291422810867578,18,857,,,-3.384868515417136,-1.5748640041821038,,297.0,85.0,36.6,1987-10+2001-09+2008-09+2020-03,,,,,,,,2008-09(II)+2020-03(III)
vix,pre2020,fd,proxy,proxy,-2.230943345724075,2.564891553921587,-2.2016055923440696,15,360,,,-6.449814520929195,1.9879278294810447,,,,,,18.67,,,,,,,
epu,post1985,lt,narrative_t3,narrative-sign,-2.0853712904651793,0.45057127078041215,-2.0839810805990044,13,491,,,-2.826495079408474,-1.3442475015218847,,273.0,69.0,33.4,1987-10+2001-09+2008-09+2020-03,,,,,,,,2008-09(II)+2020-03(III)
epu,post1985,fd,sign,sign,-2.0693670982642356,1.3122950355404748,-1.9409854355883314,24,491,,,-4.227900347103397,0.0891661505749255,119.0,,,,,,,,,,,,
epu,post1985,lt,narrative_t2,narrative-sign,-2.054268345359056,0.526336228211493,-2.047277068588142,14,491,,,-2.920014399328688,-1.188522291389424,,300.0,96.0,43.4,1987-10+2001-09+2008-09+2020-03,,,,,,,,2008-09(II)+2020-03(II)
epu,post1985,lt,sign,sign,-2.031153339303777,1.2569670752951676,-2.031153339303777,12,491,,,-4.098680192061618,0.03637351345406392,256.0,,,,,,,,,,,,
wui,pre2020,lt,narrative,narrative-sign,-1.8506407401674523,1.1850831739620125,-1.8366207274659885,11,786,,,-3.7999290970980306,0.09864761676312628,,283.0,116.0,116.0,1987-10+2001-09+2008-09,,,,,,,,
vix,pre2020,lt,proxy,proxy,-1.6981684262071741,1.7162460234161496,-1.6486054601190212,9,360,,,-4.5211419225642695,1.124805070149921,,,,,,20.59,,,,,,,
epu,pre2020,fd,maxshare,max-share,-1.6944196100817015,0.8941459395263595,-1.214563627337293,24,786,,,-3.165158801735566,-0.22368041842783737,,,,,,,0.771,,,,,,
vix,pre2020,fd,maxshare,max-share,-1.5818907389603585,0.9941099269719804,-1.5704322042191796,14,360,,,-3.2170560579286835,0.05327458000796659,,,,,,,0.394,,,,,,
epu,pre2020,lt,maxshare,max-share,-1.5759033000858715,0.5453073325803458,-1.1779835689424591,24,786,,,-2.472854043883886,-0.678952556287857,,,,,,,0.847,,,,,,
epu,post1985,lt,narrative,narrative-sign,-1.515446652130502,0.854109224862633,-1.5013963847412721,13,491,,,-2.9203313084585143,-0.11056199580248949,,273.0,197.0,197.0,1987-10+2001-09+2008-09+2020-03,,,,,,,,
epu,pre2020,fd,chol_first,recursive,-1.4385634275914387,0.8557376905653866,-0.96833487470052,24,786,,0.0,-2.8461266716369913,-0.031000183545885962,,,,,,,,,,,,,
epu,pre2020,lt,chol_first,recursive,-1.3898839867098143,0.4995337214264986,-0.984492084659342,24,786,,0.0,-2.211543840182757,-0.5682241332368717,,,,,,,,,,,,,
epu,full,lt,maxshare,max-share,-1.37067872974991,0.4047893396558767,-1.0332152355216573,24,857,,,-2.03649794323417,-0.7048595162656497,,,,,,,0.807,,,,,,
epu,pre2020,fd,nongauss,non-Gaussian,-1.3531143041028546,0.6386461178617336,-0.8866946540102898,24,786,,0.0,-2.4035936874062047,-0.3026349207995047,,,,,,,,2.0,,,7.86,,
epu,full,fd,maxshare,max-share,-1.3347738098564554,0.7939064294265742,-0.9881046226728508,24,857,,,-2.640633679758849,-0.028913939954061885,,,,,,,0.806,,,,,,
epu,pre2020,lt,magmav,heteroskedasticity,-1.3329753855594013,,-0.9146868439307223,24,786,,,,,,,,,,,,1.0,,4.0,,,
epu,pre2020,lt,nongauss,non-Gaussian,-1.320406980658383,0.4617466269499106,-0.9120460023574365,24,786,,0.0,-2.0799125947295516,-0.5609013665872141,,,,,,,,2.0,,,7.86,,
wui,full,lt,magmav,heteroskedasticity,-1.309164253870716,,-1.3064764490572796,11,841,,,,,,,,,,,,2.0,,4.0,,,
epu,pre2020,fd,chol_last,recursive,-1.3006585906785082,0.7717838679580017,-0.8154176339643497,24,786,,0.0,-2.570130085111863,-0.031187096245153034,,,,,,,,,,,,,
epu,pre2020,lt,chol_last,recursive,-1.2652629073554926,0.5227653150979739,-0.8349794051366957,24,786,,0.0,-2.125135331938824,-0.40539048277216116,,,,,,,,,,,,,
vix,full,fd,proxy,proxy,-1.2576529064521456,2.5556564001516633,-1.1688541478562875,9,438,,,-5.461333605483352,2.946027792579061,,,,,,13.97,,,,,,,
vix,full,fd,maxshare,max-share,-1.2516203399383086,1.0859281293201986,-1.1738569463996782,9,438,,,-3.0378131620592645,0.5345724821826474,,,,,,,0.46,,,,,,
epu,full,lt,magmav,heteroskedasticity,-1.2457739155617047,,-0.9011184761367537,24,857,,,,,,,,,,,,2.0,,4.0,,,
wui,post1985,fd,maxshare,max-share,-1.2283250055411241,1.0000622526850491,-1.2283250055411241,12,475,,,-2.873281029047387,0.4166310179651387,,,,,,,0.684,,,,,,
epu,full,lt,chol_first,recursive,-1.2253287880104302,0.36246867718744635,-0.8715264889489279,24,857,,0.0,-1.8215367063385037,-0.6291208696823567,,,,,,,,,,,,,
wui,post1985,lt,maxshare,max-share,-1.2056260061545707,0.3306779808200468,-1.2056260061545707,12,475,,,-1.749542882259414,-0.6617091300497274,,,,,,,0.61,,,,,,
wui,post1985,lt,la_lp,local-projection,-1.2027966950843334,0.44444297839100033,-0.9362505280550156,22,475,,,-1.933840340063885,-0.47175305010478175,,,,,,,,,,,,30.0,
wui,post1985,fd,rigobon,heteroskedasticity,-1.1939533515299052,0.399956107989143,-1.1939533515299052,12,475,,0.0,-1.8518226063772416,-0.5360840966825687,,,,,,,,0.0,1.31,,,,
wui,post1985,lt,rigobon,heteroskedasticity,-1.172422462850469,0.5673671006056507,-1.1710246347628135,11,475,,0.0,-2.105658296094614,-0.23918662960632364,,,,,,,,0.0,1.26,,,,
epu,full,fd,chol_first,recursive,-1.1550368601616123,0.732002964200173,-0.7965593738427436,24,857,,0.0,-2.3590745907654957,0.04900087044227086,,,,,,,,,,,,,
epu,full,lt,nongauss,non-Gaussian,-1.1540276483506082,0.39102446122062123,-0.7969216562145587,24,857,,0.0,-1.7972056516160924,-0.5108496450851241,,,,,,,,2.0,,,25.13,,
wui,full,fd,maxshare,max-share,-1.1400112381501584,0.683361684840785,-1.1400112381501584,12,841,,,-2.2640411839801926,-0.015981292320124352,,,,,,,0.885,,,,,,
epu,post1985,lt,proxy,proxy,-1.1254009785989927,0.6522144162742644,-1.0493710917000507,20,491,,,-2.1981982267577536,-0.05260373044023159,,,,,,5.52,,,,,,,
wui,full,lt,maxshare,max-share,-1.1218244270965048,0.2792887408000272,-1.120523608652036,11,841,,,-1.5812135253681392,-0.6624353288248704,,,,,,,0.894,,,,,,
epu,post1985,fd,proxy,proxy,-1.1120895054407198,2.018563733535475,-0.9950376197683828,24,491,,,-4.432331383779251,2.2081523728978114,,,,,,4.96,,,,,,,
epu,full,lt,chol_last,recursive,-1.1097209890018624,0.38778665717385047,-0.73726761213548,24,857,,0.0,-1.7475732785376574,-0.47186869946606735,,,,,,,,,,,,,
vix,pre2020,lt,maxshare,max-share,-1.1081845132376191,0.42532727027743544,-1.0374690360211023,9,360,,,-1.807785616394828,-0.4085834100804103,,,,,,,0.269,,,,,,
wui,post1985,fd,chol_first,recursive,-1.1071530193078074,0.8993090402510094,-1.1071530193078074,12,475,,0.0,-2.586384755914928,0.37207871729931297,,,,,,,,,,,,,
wui,post1985,lt,chol_first,recursive,-1.093201249332836,0.25162425585208376,-1.093201249332836,12,475,,0.0,-1.5070863192001012,-0.6793161794655709,,,,,,,,,,,,,
wui,full,fd,nongauss,non-Gaussian,-1.0796242492567365,0.35227603393777107,-1.0796242492567365,12,841,,0.0,-1.659066761367359,-0.5001817371461138,,,,,,,,2.0,,,9.12,,
wui,full,lt,nongauss,non-Gaussian,-1.0725499782409382,0.26176708609263116,-1.071295364132143,11,841,,0.0,-1.5031185192169207,-0.6419814372649556,,,,,,,,2.0,,,9.15,,
epu,full,fd,nongauss,non-Gaussian,-1.0654822593972189,0.3345419142455706,-0.7025891571812111,24,857,,0.0,-1.615754740411334,-0.5152097783831037,,,,,,,,2.0,,,25.51,,
wui,full,fd,chol_first,recursive,-1.0607068361499075,0.6679332451586165,-1.0607068361499075,12,841,,0.0,-2.1593592570105247,0.037945584710709745,,,,,,,,,,,,,
wui,full,lt,chol_first,recursive,-1.0436510556734755,0.29859921772193077,-1.0427577620961626,11,841,,0.0,-1.5348030619482655,-0.5524990493986854,,,,,,,,,,,,,
epu,full,fd,chol_last,recursive,-1.0423406933597992,0.6919524190444021,-0.6677294924192793,24,857,,0.0,-2.180501139502829,0.09581975278323052,,,,,,,,,,,,,
epu,pre2020,lt,la_lp,local-projection,-1.006967670564292,0.3577813392750276,-1.006967670564292,12,786,,,-1.5954656041263764,-0.4184697370022077,,,,,,,,,,,,30.0,
vix,full,lt,proxy,proxy,-1.0067063978560884,0.9037763959629346,-0.857885297051025,8,438,,,-2.493286280708851,0.47987348499667437,,,,,,14.28,,,,,,,
wui,post1985,lt,nongauss,non-Gaussian,-1.0066789549173787,0.3966456906014749,-1.0066789549173787,12,475,,0.0,-1.659103057717886,-0.35425485211687124,,,,,,,,2.0,,,8.28,,
vix,full,lt,maxshare,max-share,-1.00282114813862,0.3642928020902814,-0.8634581489051575,8,438,,,-1.602029484929134,-0.4036128113481058,,,,,,,0.445,,,,,,
wui,post1985,fd,nongauss,non-Gaussian,-1.0010963126119101,0.38239117243557236,-1.0010963126119101,12,475,,0.0,-1.6300738195067872,-0.37211880571703315,,,,,,,,2.0,,,8.31,,
wui,full,fd,chol_last,recursive,-0.9973718321472805,0.5182733383897694,-0.9973718321472805,12,841,,0.0,-1.8498556125499404,-0.1448880517446206,,,,,,,,,,,,,
wui,full,lt,chol_last,recursive,-0.9941998909281848,0.27371395296943146,-0.9939517963652923,11,841,,0.0,-1.4444192792171788,-0.5439805026391908,,,,,,,,,,,,,
wui,pre2020,fd,maxshare,max-share,-0.9710834623216736,0.5835800052364742,-0.9587981143450297,15,786,,,-1.9309871505512475,-0.011179774092099803,,,,,,,0.806,,,,,,
vix,pre2020,fd,chol_last,recursive,-0.953868583572464,0.6364015693972385,-0.953868583572464,12,360,,0.0,-2.0006560131931206,0.09291884604819278,,,,,,,,,,,,,
wui,pre2020,fd,magmav,heteroskedasticity,-0.9347804000132309,,-0.924793692003382,15,786,,,,,,,,,,,,2.0,,4.0,,,
vix,full,lt,magmav,heteroskedasticity,-0.9292845033680774,,-0.8043957973351731,8,438,,,,,,,,,,,,3.0,,4.0,,,
wui,pre2020,fd,nongauss,non-Gaussian,-0.906760082828982,0.3288800526692477,-0.8937830284158179,15,786,,0.0,-1.4477196302939852,-0.3658005353639787,,,,,,,,2.0,,,9.41,,
wui,full,lt,la_lp,local-projection,-0.904240918489311,0.3320934907212893,-0.7630589362528158,7,841,,,-1.4504861011891987,-0.35799573578942323,,,,,,,,,,,,30.0,
wui,post1985,fd,chol_last,recursive,-0.8978013754439111,0.7246094574941806,-0.8978013754439111,12,475,,0.0,-2.089677869726553,0.2940751188387305,,,,,,,,,,,,,
wui,pre2020,fd,chol_first,recursive,-0.8891158030403483,0.5849909671461738,-0.8763715390995916,15,786,,0.0,-1.8513403170845817,0.07310871100388516,,,,,,,,,,,,,
wui,pre2020,lt,maxshare,max-share,-0.889011505555622,0.308369122474847,-0.88790147616231,13,786,,,-1.3962335750982169,-0.3817894360130272,,,,,,,0.862,,,,,,
wui,post1985,lt,chol_last,recursive,-0.8889501238457532,0.28349540619191343,-0.8889501238457532,12,475,,0.0,-1.3552585709446028,-0.42264167674690356,,,,,,,,,,,,,
vix,full,fd,chol_first,recursive,-0.8614109862682476,0.9611727361825605,-0.7639798076089296,9,438,,0.0,-2.442399447505003,0.7195774749685074,,,,,,,,,,,,,
wui,post1985,lt,magmav,heteroskedasticity,-0.8316894665353458,,-0.8316894665353458,12,475,,,,,,,,,,,,3.0,,4.0,,,
vix,full,lt,la_lp,local-projection,-0.8169330590576146,0.41757151337769305,-0.2933915261526672,2,438,,,-1.5037770773485282,-0.13008904076670103,,,,,,,,,,,,30.0,
wui,pre2020,lt,nongauss,non-Gaussian,-0.8144456451276364,0.31077166304756676,-0.8131495861098279,13,786,,0.0,-1.3256195422451675,-0.30327174801010537,,,,,,,,2.0,,,9.57,,
epu,post1985,lt,maxshare,max-share,-0.8110864967553825,0.2948566190369007,-0.7702698222390073,19,491,,,-1.296082476008877,-0.3260905175018879,,,,,,,0.399,,,,,,
wui,pre2020,fd,chol_last,recursive,-0.8109799598027585,0.5127253562211362,-0.7965218680688831,15,786,,0.0,-1.6543381216130801,0.03237820200756303,,,,,,,,,,,,,
wui,pre2020,lt,chol_first,recursive,-0.8052012540810727,0.306995888715409,-0.8038634086333242,13,786,,0.0,-1.3101645550938037,-0.30023795306834167,,,,,,,,,,,,,
wui,pre2020,fd,rigobon,heteroskedasticity,-0.8030032609357871,0.9646772529545273,-0.7860811532119613,15,786,,0.0,-2.389756139295624,0.7837496174240499,,,,,,,,2.0,1.79,,,,
epu,full,lt,la_lp,local-projection,-0.7986379360564537,0.4121620422920252,-0.6574673314925336,16,857,,,-1.4765841662122174,-0.12069170590069,,,,,,,,,,,,30.0,
wui,pre2020,lt,magmav,heteroskedasticity,-0.7927312772817906,,-0.792153587156922,13,786,,,,,,,,,,,,3.0,,4.0,,,
vix,full,fd,chol_last,recursive,-0.780518552697539,0.19996704056788187,-0.5259742200396873,2,438,,0.0,-1.1094350646463718,-0.45160204074870636,,,,,,,,,,,,,
vix,full,lt,chol_first,recursive,-0.775317607300343,0.31457754688939216,-0.5639732889330421,2,438,,0.0,-1.2927516262588565,-0.25788358834182956,,,,,,,,,,,,,
vix,full,fd,nongauss,non-Gaussian,-0.7716450785016524,0.4520483448901471,-0.3389196709175972,2,438,,0.0,-1.515198438151621,-0.028091718851683933,,,,,,,,1.0,,,25.29,,
epu,post1985,lt,la_lp,local-projection,-0.7702993601101953,0.42978666590880854,-0.6158460528912802,16,491,,,-1.4772355163456796,-0.06336320387471095,,,,,,,,,,,,30.0,
wui,pre2020,lt,rigobon,heteroskedasticity,-0.755531665007831,0.8330089084185225,-0.7502380862510658,14,786,,0.0,-2.1257093893029246,0.6146460592872625,,,,,,,,2.0,1.71,,,,
wui,full,lt,rigobon,heteroskedasticity,-0.7508499820771064,0.5873517476707862,-0.7508499820771064,12,841,,0.0,-1.716957634529685,0.21525767037547228,,,,,,,,1.0,1.34,,,,
wui,full,fd,rigobon,heteroskedasticity,-0.7465080753113704,0.7424567191125724,-0.7465080753113704,12,841,,0.0,-1.9677407025981755,0.4747245519754346,,,,,,,,1.0,1.34,,,,
vix,full,lt,chol_last,recursive,-0.7349448128485089,0.14733812523348025,-0.34360563440078706,2,438,,0.0,-0.9772944625270291,-0.49259516316998864,,,,,,,,,,,,,
wui,pre2020,lt,chol_last,recursive,-0.7274924352236997,0.262022052006584,-0.7252027247851507,13,786,,0.0,-1.1584803578079965,-0.2965045126394027,,,,,,,,,,,,,
vix,full,lt,nongauss,non-Gaussian,-0.6882067945764446,0.48596007826767873,-0.19630232445272308,2,438,,0.0,-1.4875399918686574,0.11112640271576801,,,,,,,,1.0,,,25.01,,
epu,post1985,lt,chol_first,recursive,-0.6790647373478562,0.2511008057382467,-0.62949923674511,20,491,,0.0,-1.0920888083968485,-0.266040666298864,,,,,,,,,,,,,
vix,pre2020,lt,chol_last,recursive,-0.6705599497265906,0.25489117066662,-0.5526974632144298,8,360,,0.0,-1.0898186162754873,-0.251301283177694,,,,,,,,,,,,,
vix,pre2020,fd,chol_first,recursive,-0.6679046568195653,0.6661934309817961,-0.6540362473491343,9,360,,0.0,-1.763695338021218,0.4278860243820871,,,,,,,,,,,,,
wui,pre2020,lt,la_lp,local-projection,-0.6280147047819844,0.3067317304175948,-0.42707071433365157,10,786,,,-1.1325435040604663,-0.12348590550350247,,,,,,,,,,,,30.0,
epu,post1985,fd,maxshare,max-share,-0.6140227469079002,0.8398624298953873,-0.5728986602311781,24,491,,,-1.9954735108616046,0.7674280170458042,,,,,,,0.704,,,,,,
epu,post1985,lt,magmav,heteroskedasticity,-0.5741593126492229,,-0.5183976374858642,20,491,,,,,,,,,,,,2.0,,4.0,,,
epu,post1985,lt,chol_last,recursive,-0.5338256821556348,0.21693748395732412,-0.468394975912928,21,491,,0.0,-0.8906560894645661,-0.17699527484670335,,,,,,,,,,,,,
epu,post1985,fd,chol_first,recursive,-0.5145051080871684,0.7631553516127606,-0.4740771784130042,24,491,,0.0,-1.7697839561148436,0.7407737399405069,,,,,,,,,,,,,
epu,post1985,lt,nongauss,non-Gaussian,-0.48433133413606777,0.36957565426797007,-0.41588001981511186,22,491,,0.0,-1.0922291894917016,0.12356652121956613,,,,,,,,1.0,,,14.38,,
vix,pre2020,lt,la_lp,local-projection,-0.4842191367968479,0.4479749071691935,-0.33768712866072503,14,360,,,-1.221072287637345,0.25263401404364916,,,,,,,,,,,,30.0,
vix,pre2020,lt,chol_first,recursive,-0.3817139109806376,0.3288742901919906,-0.2651978129501896,8,360,,0.0,-0.9226639800140244,0.1592361580527491,,,,,,,,,,,,,
epu,post1985,fd,chol_last,recursive,-0.35423902377655864,0.656826636002601,-0.3153613172739924,24,491,,0.0,-1.4346226982837715,0.7261446507306542,,,,,,,,,,,,,
epu,post1985,fd,nongauss,non-Gaussian,-0.23951095817367296,0.19166365220392856,-0.13945632133200836,2,491,,0.0,-0.5547696116560703,0.07574769530872444,,,,,,,,1.0,,,14.84,,
epu,post1985,lt,rigobon,heteroskedasticity,0.19077514813861543,0.2077406505726503,-0.012184890947153068,0,491,,0.0,-0.1509278144210668,0.5324781106982976,,,,,,,,0.0,0.89,,,,
epu,post1985,fd,rigobon,heteroskedasticity,0.24788999543507179,0.353688556932976,0.23151082621447847,6,491,,0.0,-0.3338759102473661,0.8296559011175098,,,,,,,,0.0,0.9,,,,
vix,pre2020,fd,magmav,heteroskedasticity,0.39476731947131805,,-0.17577463595080095,0,360,,,,,,,,,,,,2.0,,3.0,,,
vix,pre2020,fd,nongauss,non-Gaussian,0.42962712997718144,0.18179547879203165,0.004296474079127002,0,360,,0.0,0.13060017732272877,0.7286540826316341,,,,,,,,1.0,,,11.44,,
vix,pre2020,lt,nongauss,non-Gaussian,0.501650677984537,0.5913256933544697,0.2521211215659184,24,360,,0.0,-0.4709935334391566,1.4742948894082306,,,,,,,,1.0,,,11.23,,
vix,pre2020,lt,magmav,heteroskedasticity,0.6144972917220163,,0.3431618398385297,24,360,,,,,,,,,,,,0.0,,4.0,,,
epu,full,lt,rigobon,heteroskedasticity,1.4328152417041928,1.3591359770299087,0.9279470319154455,5,857,,0.0,-0.8027644996336853,3.668394983042071,,,,,,,,1.0,1.77,,,,
epu,full,fd,rigobon,heteroskedasticity,1.472136629119039,1.4768411523400549,1.2017246071702075,6,857,,0.0,-0.9570508967386919,3.90132415497677,,,,,,,,1.0,1.79,,,,
jln,pre2020,lt,magmav,heteroskedasticity,3.308071194883294,,-0.6049149492118018,0,714,,,,,,,,,,,,3.0,,4.0,,,
jln,pre2020,lt,nongauss,non-Gaussian,3.394718910181616,3.4699373991334213,-0.7608133107786968,0,714,,0.0,-2.3128202060775505,9.102258026440783,,,,,,,,3.0,,,2.17,,
epu,full,fd,narrative,narrative-sign,,,,-1,0,narrative kept only under lt (baseline detrending) — Phase 2 grid scope; skip logged,,,,,,,,,,,,,,,,
epu,full,fd,magmav,heteroskedasticity,,,,-1,857,"ValueError: run_scheme[magmav]: identification failed (eu=(0, 0), k_breaks=4) — Cholesky fallback rejected as a distinct scheme; spec marked failed.",,,,,,,,,,,,,,,,
epu,full,fd,la_lp,local-projection,,,,-1,0,la_lp is detrend-invariant; kept only under lt,,,,,,,,,,,,,,,,
epu,full,fd,narrative_t2,narrative-sign,,,,-1,0,narrative kept only under lt (baseline detrending) — Phase 2 grid scope; skip logged,,,,,,,,,,,,,,,,
epu,full,fd,narrative_t3,narrative-sign,,,,-1,0,narrative kept only under lt (baseline detrending) — Phase 2 grid scope; skip logged,,,,,,,,,,,,,,,,
epu,post1985,fd,narrative,narrative-sign,,,,-1,0,narrative kept only under lt (baseline detrending) — Phase 2 grid scope; skip logged,,,,,,,,,,,,,,,,
epu,post1985,fd,magmav,heteroskedasticity,,,,-1,491,"ValueError: run_scheme[magmav]: identification failed (eu=(0, 0), k_breaks=4) — Cholesky fallback rejected as a distinct scheme; spec marked failed.",,,,,,,,,,,,,,,,
epu,post1985,fd,la_lp,local-projection,,,,-1,0,la_lp is detrend-invariant; kept only under lt,,,,,,,,,,,,,,,,
epu,post1985,fd,narrative_t2,narrative-sign,,,,-1,0,narrative kept only under lt (baseline detrending) — Phase 2 grid scope; skip logged,,,,,,,,,,,,,,,,
epu,post1985,fd,narrative_t3,narrative-sign,,,,-1,0,narrative kept only under lt (baseline detrending) — Phase 2 grid scope; skip logged,,,,,,,,,,,,,,,,
epu,pre2020,lt,narrative_t3,narrative-sign,,,,-1,786,"ValueError: run_scheme[narrative_t3]: Type III restricts the COVID month, which is outside this cell's window — cell would duplicate narrative_t2.",,,,,,,,,,,,,,,,
epu,pre2020,fd,narrative,narrative-sign,,,,-1,0,narrative kept only under lt (baseline detrending) — Phase 2 grid scope; skip logged,,,,,,,,,,,,,,,,
epu,pre2020,fd,magmav,heteroskedasticity,,,,-1,786,"ValueError: run_scheme[magmav]: identification failed (eu=(0, 0), k_breaks=4) — Cholesky fallback rejected as a distinct scheme; spec marked failed.",,,,,,,,,,,,,,,,
epu,pre2020,fd,la_lp,local-projection,,,,-1,0,la_lp is detrend-invariant; kept only under lt,,,,,,,,,,,,,,,,
epu,pre2020,fd,narrative_t2,narrative-sign,,,,-1,0,narrative kept only under lt (baseline detrending) — Phase 2 grid scope; skip logged,,,,,,,,,,,,,,,,
epu,pre2020,fd,narrative_t3,narrative-sign,,,,-1,0,narrative kept only under lt (baseline detrending) — Phase 2 grid scope; skip logged,,,,,,,,,,,,,,,,
wui,full,fd,narrative,narrative-sign,,,,-1,0,narrative kept only under lt (baseline detrending) — Phase 2 grid scope; skip logged,,,,,,,,,,,,,,,,
wui,full,fd,magmav,heteroskedasticity,,,,-1,841,"ValueError: run_scheme[magmav]: identification failed (eu=(0, 0), k_breaks=4) — Cholesky fallback rejected as a distinct scheme; spec marked failed.",,,,,,,,,,,,,,,,
wui,full,fd,la_lp,local-projection,,,,-1,0,la_lp is detrend-invariant; kept only under lt,,,,,,,,,,,,,,,,
wui,full,fd,narrative_t2,narrative-sign,,,,-1,0,narrative kept only under lt (baseline detrending) — Phase 2 grid scope; skip logged,,,,,,,,,,,,,,,,
wui,full,fd,narrative_t3,narrative-sign,,,,-1,0,narrative kept only under lt (baseline detrending) — Phase 2 grid scope; skip logged,,,,,,,,,,,,,,,,
wui,post1985,fd,narrative,narrative-sign,,,,-1,0,narrative kept only under lt (baseline detrending) — Phase 2 grid scope; skip logged,,,,,,,,,,,,,,,,
wui,post1985,fd,magmav,heteroskedasticity,,,,-1,475,"ValueError: run_scheme[magmav]: identification failed (eu=(0, 0), k_breaks=4) — Cholesky fallback rejected as a distinct scheme; spec marked failed.",,,,,,,,,,,,,,,,
wui,post1985,fd,la_lp,local-projection,,,,-1,0,la_lp is detrend-invariant; kept only under lt,,,,,,,,,,,,,,,,
wui,post1985,fd,narrative_t2,narrative-sign,,,,-1,0,narrative kept only under lt (baseline detrending) — Phase 2 grid scope; skip logged,,,,,,,,,,,,,,,,
wui,post1985,fd,narrative_t3,narrative-sign,,,,-1,0,narrative kept only under lt (baseline detrending) — Phase 2 grid scope; skip logged,,,,,,,,,,,,,,,,
wui,pre2020,lt,narrative_t3,narrative-sign,,,,-1,786,"ValueError: run_scheme[narrative_t3]: Type III restricts the COVID month, which is outside this cell's window — cell would duplicate narrative_t2.",,,,,,,,,,,,,,,,
wui,pre2020,fd,narrative,narrative-sign,,,,-1,0,narrative kept only under lt (baseline detrending) — Phase 2 grid scope; skip logged,,,,,,,,,,,,,,,,
wui,pre2020,fd,la_lp,local-projection,,,,-1,0,la_lp is detrend-invariant; kept only under lt,,,,,,,,,,,,,,,,
wui,pre2020,fd,narrative_t2,narrative-sign,,,,-1,0,narrative kept only under lt (baseline detrending) — Phase 2 grid scope; skip logged,,,,,,,,,,,,,,,,
wui,pre2020,fd,narrative_t3,narrative-sign,,,,-1,0,narrative kept only under lt (baseline detrending) — Phase 2 grid scope; skip logged,,,,,,,,,,,,,,,,
jln,full,fd,narrative,narrative-sign,,,,-1,0,narrative kept only under lt (baseline detrending) — Phase 2 grid scope; skip logged,,,,,,,,,,,,,,,,
jln,full,fd,magmav,heteroskedasticity,,,,-1,786,"ValueError: run_scheme[magmav]: identification failed (eu=(0, 0), k_breaks=4) — Cholesky fallback rejected as a distinct scheme; spec marked failed.",,,,,,,,,,,,,,,,
jln,full,fd,la_lp,local-projection,,,,-1,0,la_lp is detrend-invariant; kept only under lt,,,,,,,,,,,,,,,,
jln,full,fd,narrative_t2,narrative-sign,,,,-1,0,narrative kept only under lt (baseline detrending) — Phase 2 grid scope; skip logged,,,,,,,,,,,,,,,,
jln,full,fd,narrative_t3,narrative-sign,,,,-1,0,narrative kept only under lt (baseline detrending) — Phase 2 grid scope; skip logged,,,,,,,,,,,,,,,,
jln,post1985,fd,narrative,narrative-sign,,,,-1,0,narrative kept only under lt (baseline detrending) — Phase 2 grid scope; skip logged,,,,,,,,,,,,,,,,
jln,post1985,fd,magmav,heteroskedasticity,,,,-1,492,"ValueError: run_scheme[magmav]: identification failed (eu=(0, 0), k_breaks=4) — Cholesky fallback rejected as a distinct scheme; spec marked failed.",,,,,,,,,,,,,,,,
jln,post1985,fd,la_lp,local-projection,,,,-1,0,la_lp is detrend-invariant; kept only under lt,,,,,,,,,,,,,,,,
jln,post1985,fd,narrative_t2,narrative-sign,,,,-1,0,narrative kept only under lt (baseline detrending) — Phase 2 grid scope; skip logged,,,,,,,,,,,,,,,,
jln,post1985,fd,narrative_t3,narrative-sign,,,,-1,0,narrative kept only under lt (baseline detrending) — Phase 2 grid scope; skip logged,,,,,,,,,,,,,,,,
jln,pre2020,lt,narrative_t3,narrative-sign,,,,-1,714,"ValueError: run_scheme[narrative_t3]: Type III restricts the COVID month, which is outside this cell's window — cell would duplicate narrative_t2.",,,,,,,,,,,,,,,,
jln,pre2020,fd,narrative,narrative-sign,,,,-1,0,narrative kept only under lt (baseline detrending) — Phase 2 grid scope; skip logged,,,,,,,,,,,,,,,,
jln,pre2020,fd,magmav,heteroskedasticity,,,,-1,714,"ValueError: run_scheme[magmav]: identification failed (eu=(0, 0), k_breaks=4) — Cholesky fallback rejected as a distinct scheme; spec marked failed.",,,,,,,,,,,,,,,,
jln,pre2020,fd,la_lp,local-projection,,,,-1,0,la_lp is detrend-invariant; kept only under lt,,,,,,,,,,,,,,,,
jln,pre2020,fd,narrative_t2,narrative-sign,,,,-1,0,narrative kept only under lt (baseline detrending) — Phase 2 grid scope; skip logged,,,,,,,,,,,,,,,,
jln,pre2020,fd,narrative_t3,narrative-sign,,,,-1,0,narrative kept only under lt (baseline detrending) — Phase 2 grid scope; skip logged,,,,,,,,,,,,,,,,
vix,full,fd,narrative,narrative-sign,,,,-1,0,narrative kept only under lt (baseline detrending) — Phase 2 grid scope; skip logged,,,,,,,,,,,,,,,,
vix,full,fd,magmav,heteroskedasticity,,,,-1,438,"ValueError: run_scheme[magmav]: identification failed (eu=(0, 0), k_breaks=4) — Cholesky fallback rejected as a distinct scheme; spec marked failed.",,,,,,,,,,,,,,,,
vix,full,fd,la_lp,local-projection,,,,-1,0,la_lp is detrend-invariant; kept only under lt,,,,,,,,,,,,,,,,
vix,full,fd,narrative_t2,narrative-sign,,,,-1,0,narrative kept only under lt (baseline detrending) — Phase 2 grid scope; skip logged,,,,,,,,,,,,,,,,
vix,full,fd,narrative_t3,narrative-sign,,,,-1,0,narrative kept only under lt (baseline detrending) — Phase 2 grid scope; skip logged,,,,,,,,,,,,,,,,
vix,post1985,lt,chol_first,recursive,,,,-1,0,duplicate of sample=full (same effective window),,,,,,,,,,,,,,,,
vix,post1985,lt,chol_last,recursive,,,,-1,0,duplicate of sample=full (same effective window),,,,,,,,,,,,,,,,
vix,post1985,lt,sign,sign,,,,-1,0,duplicate of sample=full (same effective window),,,,,,,,,,,,,,,,
vix,post1985,lt,narrative,narrative-sign,,,,-1,0,duplicate of sample=full (same effective window),,,,,,,,,,,,,,,,
vix,post1985,lt,proxy,proxy,,,,-1,0,duplicate of sample=full (same effective window),,,,,,,,,,,,,,,,
vix,post1985,lt,maxshare,max-share,,,,-1,0,duplicate of sample=full (same effective window),,,,,,,,,,,,,,,,
vix,post1985,lt,rigobon,heteroskedasticity,,,,-1,0,duplicate of sample=full (same effective window),,,,,,,,,,,,,,,,
vix,post1985,lt,magmav,heteroskedasticity,,,,-1,0,duplicate of sample=full (same effective window),,,,,,,,,,,,,,,,
vix,post1985,lt,nongauss,non-Gaussian,,,,-1,0,duplicate of sample=full (same effective window),,,,,,,,,,,,,,,,
vix,post1985,lt,la_lp,local-projection,,,,-1,0,duplicate of sample=full (same effective window),,,,,,,,,,,,,,,,
vix,post1985,lt,narrative_t2,narrative-sign,,,,-1,0,duplicate of sample=full (same effective window),,,,,,,,,,,,,,,,
vix,post1985,lt,narrative_t3,narrative-sign,,,,-1,0,duplicate of sample=full (same effective window),,,,,,,,,,,,,,,,
vix,post1985,fd,chol_first,recursive,,,,-1,0,duplicate of sample=full (same effective window),,,,,,,,,,,,,,,,
vix,post1985,fd,chol_last,recursive,,,,-1,0,duplicate of sample=full (same effective window),,,,,,,,,,,,,,,,
vix,post1985,fd,sign,sign,,,,-1,0,duplicate of sample=full (same effective window),,,,,,,,,,,,,,,,
vix,post1985,fd,narrative,narrative-sign,,,,-1,0,duplicate of sample=full (same effective window),,,,,,,,,,,,,,,,
vix,post1985,fd,proxy,proxy,,,,-1,0,duplicate of sample=full (same effective window),,,,,,,,,,,,,,,,
vix,post1985,fd,maxshare,max-share,,,,-1,0,duplicate of sample=full (same effective window),,,,,,,,,,,,,,,,
vix,post1985,fd,rigobon,heteroskedasticity,,,,-1,0,duplicate of sample=full (same effective window),,,,,,,,,,,,,,,,
vix,post1985,fd,magmav,heteroskedasticity,,,,-1,0,duplicate of sample=full (same effective window),,,,,,,,,,,,,,,,
vix,post1985,fd,nongauss,non-Gaussian,,,,-1,0,duplicate of sample=full (same effective window),,,,,,,,,,,,,,,,
vix,post1985,fd,la_lp,local-projection,,,,-1,0,duplicate of sample=full (same effective window),,,,,,,,,,,,,,,,
vix,post1985,fd,narrative_t2,narrative-sign,,,,-1,0,duplicate of sample=full (same effective window),,,,,,,,,,,,,,,,
vix,post1985,fd,narrative_t3,narrative-sign,,,,-1,0,duplicate of sample=full (same effective window),,,,,,,,,,,,,,,,
vix,pre2020,lt,narrative_t3,narrative-sign,,,,-1,360,"ValueError: run_scheme[narrative_t3]: Type III restricts the COVID month, which is outside this cell's window — cell would duplicate narrative_t2.",,,,,,,,,,,,,,,,
vix,pre2020,fd,narrative,narrative-sign,,,,-1,0,narrative kept only under lt (baseline detrending) — Phase 2 grid scope; skip logged,,,,,,,,,,,,,,,,
vix,pre2020,fd,la_lp,local-projection,,,,-1,0,la_lp is detrend-invariant; kept only under lt,,,,,,,,,,,,,,,,
vix,pre2020,fd,narrative_t2,narrative-sign,,,,-1,0,narrative kept only under lt (baseline detrending) — Phase 2 grid scope; skip logged,,,,,,,,,,,,,,,,
vix,pre2020,fd,narrative_t3,narrative-sign,,,,-1,0,narrative kept only under lt (baseline detrending) — Phase 2 grid scope; skip logged,,,,,,,,,,,,,,,,
