country,date,magnitude,magnitude_unit,sign,target,subtarget,confidence,scoring_method,source_url,replication,implementation_first_quarter,implementation_last_quarter,delay_quarters
AUS,1985-01-01,1.7,pct_gdp,-1,both,expenditure,1.0,manual,https://www.imf.org/en/Publications/WP/Issues/2016/12/31/A-New-Action-Based-Dataset-of-Fiscal-Consolidation-25022,dglp_2011,1985-01-01,1987-10-01,0
AUS,1987-01-01,0.008,pct_gdp,-1,consumption,tax,1.0,manual,https://eml.berkeley.edu/~dromer/papers/,romer_romer_2017,1987-01-01,1987-01-01,0
AUS,2000-01-01,0.012,pct_gdp,-1,consumption,tax,1.0,manual,https://eml.berkeley.edu/~dromer/papers/,romer_romer_2017,2000-01-01,2000-01-01,0
AUT,1986-01-01,0.5,pct_gdp,-1,consumption,tax,1.0,manual,https://www.imf.org/en/Publications/WP/Issues/2016/12/31/A-New-Action-Based-Dataset-of-Fiscal-Consolidation-25022,dglp_2011,1986-01-01,1986-10-01,0
AUT,1996-01-01,0.5,pct_gdp,-1,both,expenditure,1.0,manual,https://www.imf.org/en/Publications/WP/Issues/2016/12/31/A-New-Action-Based-Dataset-of-Fiscal-Consolidation-25022,dglp_2011,1996-01-01,1996-10-01,0
AUT,1996-01-01,0.5,pct_gdp,-1,consumption,tax,1.0,manual,https://www.imf.org/en/Publications/WP/Issues/2016/12/31/A-New-Action-Based-Dataset-of-Fiscal-Consolidation-25022,dglp_2011,1996-01-01,1996-10-01,0
BEL,1985-01-01,0.7,pct_gdp,-1,both,expenditure,1.0,manual,https://www.imf.org/en/Publications/WP/Issues/2016/12/31/A-New-Action-Based-Dataset-of-Fiscal-Consolidation-25022,dglp_2011,1985-01-01,1985-10-01,0
BEL,1993-01-01,0.6,pct_gdp,-1,both,expenditure,1.0,manual,https://www.imf.org/en/Publications/WP/Issues/2016/12/31/A-New-Action-Based-Dataset-of-Fiscal-Consolidation-25022,dglp_2011,1993-01-01,1993-10-01,0
BEL,1993-01-01,0.5,pct_gdp,-1,consumption,tax,1.0,manual,https://www.imf.org/en/Publications/WP/Issues/2016/12/31/A-New-Action-Based-Dataset-of-Fiscal-Consolidation-25022,dglp_2011,1993-01-01,1993-10-01,0
CAN,1980-01-01,0.7,pct_gdp,-1,both,expenditure,1.0,manual,https://www.imf.org/en/Publications/WP/Issues/2016/12/31/A-New-Action-Based-Dataset-of-Fiscal-Consolidation-25022,dglp_2011,1980-01-01,1980-10-01,0
CAN,1991-01-01,0.011,pct_gdp,1,consumption,tax,1.0,manual,https://eml.berkeley.edu/~dromer/papers/,romer_romer_2017,1991-01-01,1991-01-01,0
CAN,1995-01-01,3.9,pct_gdp,-1,both,expenditure,1.0,manual,https://www.imf.org/en/Publications/WP/Issues/2016/12/31/A-New-Action-Based-Dataset-of-Fiscal-Consolidation-25022,dglp_2011,1995-01-01,1997-10-01,0
CAN,1996-01-01,0.4,pct_gdp,-1,consumption,tax,1.0,manual,https://www.imf.org/en/Publications/WP/Issues/2016/12/31/A-New-Action-Based-Dataset-of-Fiscal-Consolidation-25022,dglp_2011,1996-01-01,1996-10-01,0
CAN,2006-01-01,0.01,pct_gdp,-1,consumption,tax,1.0,manual,https://eml.berkeley.edu/~dromer/papers/,romer_romer_2017,2006-01-01,2006-01-01,0
DEU,1981-01-01,0.5,pct_gdp,-1,both,expenditure,1.0,manual,https://www.imf.org/en/Publications/WP/Issues/2016/12/31/A-New-Action-Based-Dataset-of-Fiscal-Consolidation-25022,dglp_2011,1981-01-01,1981-10-01,0
DEU,1986-01-01,0.008,pct_gdp,-1,consumption,tax,1.0,manual,https://eml.berkeley.edu/~dromer/papers/,romer_romer_2017,1986-01-01,1986-01-01,0
DEU,1991-01-01,0.5,pct_gdp,-1,both,expenditure,1.0,manual,https://www.imf.org/en/Publications/WP/Issues/2016/12/31/A-New-Action-Based-Dataset-of-Fiscal-Consolidation-25022,dglp_2011,1991-01-01,1991-10-01,0
DEU,1991-01-01,0.5,pct_gdp,-1,consumption,tax,1.0,manual,https://www.imf.org/en/Publications/WP/Issues/2016/12/31/A-New-Action-Based-Dataset-of-Fiscal-Consolidation-25022,dglp_2011,1991-01-01,1991-10-01,0
DEU,1996-01-01,1.0,pct_gdp,-1,both,expenditure,1.0,manual,https://www.imf.org/en/Publications/WP/Issues/2016/12/31/A-New-Action-Based-Dataset-of-Fiscal-Consolidation-25022,dglp_2011,1996-01-01,1997-10-01,0
DEU,1997-01-01,0.5,pct_gdp,-1,consumption,tax,1.0,manual,https://www.imf.org/en/Publications/WP/Issues/2016/12/31/A-New-Action-Based-Dataset-of-Fiscal-Consolidation-25022,dglp_2011,1997-01-01,1997-10-01,0
DEU,2001-01-01,0.012,pct_gdp,-1,consumption,tax,1.0,manual,https://eml.berkeley.edu/~dromer/papers/,romer_romer_2017,2001-01-01,2001-01-01,0
DEU,2003-01-01,0.6,pct_gdp,-1,both,expenditure,1.0,manual,https://www.imf.org/en/Publications/WP/Issues/2016/12/31/A-New-Action-Based-Dataset-of-Fiscal-Consolidation-25022,dglp_2011,2003-01-01,2003-10-01,0
DNK,1981-01-01,0.5,pct_gdp,-1,both,expenditure,1.0,manual,https://www.imf.org/en/Publications/WP/Issues/2016/12/31/A-New-Action-Based-Dataset-of-Fiscal-Consolidation-25022,dglp_2011,1981-01-01,1981-10-01,0
DNK,1981-01-01,0.7,pct_gdp,-1,consumption,tax,1.0,manual,https://www.imf.org/en/Publications/WP/Issues/2016/12/31/A-New-Action-Based-Dataset-of-Fiscal-Consolidation-25022,dglp_2011,1981-01-01,1981-10-01,0
DNK,1986-01-01,0.6,pct_gdp,-1,consumption,tax,1.0,manual,https://www.imf.org/en/Publications/WP/Issues/2016/12/31/A-New-Action-Based-Dataset-of-Fiscal-Consolidation-25022,dglp_2011,1986-01-01,1986-10-01,0
DNK,1986-01-01,0.005,pct_gdp,-1,consumption,tax,1.0,manual,https://eml.berkeley.edu/~dromer/papers/,romer_romer_2017,1986-01-01,1986-01-01,0
DNK,2009-01-01,0.008,pct_gdp,-1,consumption,tax,1.0,manual,https://eml.berkeley.edu/~dromer/papers/,romer_romer_2017,2009-01-01,2009-01-01,0
ESP,1992-01-01,0.5,pct_gdp,-1,both,expenditure,1.0,manual,https://www.imf.org/en/Publications/WP/Issues/2016/12/31/A-New-Action-Based-Dataset-of-Fiscal-Consolidation-25022,dglp_2011,1992-01-01,1992-10-01,0
ESP,1992-01-01,0.01,pct_gdp,1,consumption,tax,1.0,manual,https://eml.berkeley.edu/~dromer/papers/,romer_romer_2017,1992-01-01,1992-01-01,0
ESP,1996-01-01,0.7,pct_gdp,-1,both,expenditure,1.0,manual,https://www.imf.org/en/Publications/WP/Issues/2016/12/31/A-New-Action-Based-Dataset-of-Fiscal-Consolidation-25022,dglp_2011,1996-01-01,1996-10-01,0
ESP,2010-01-01,2.8,pct_gdp,-1,both,expenditure,1.0,manual,https://www.imf.org/en/Publications/WP/Issues/2016/12/31/A-New-Action-Based-Dataset-of-Fiscal-Consolidation-25022,dglp_2011,2010-01-01,2011-10-01,0
ESP,2010-01-01,1.0,pct_gdp,-1,consumption,tax,1.0,manual,https://www.imf.org/en/Publications/WP/Issues/2016/12/31/A-New-Action-Based-Dataset-of-Fiscal-Consolidation-25022,dglp_2011,2010-01-01,2011-10-01,0
ESP,2010-01-01,0.018,pct_gdp,1,consumption,tax,1.0,manual,https://eml.berkeley.edu/~dromer/papers/,romer_romer_2017,2010-01-01,2010-01-01,0
FIN,1992-01-01,1.0,pct_gdp,-1,both,expenditure,1.0,manual,https://www.imf.org/en/Publications/WP/Issues/2016/12/31/A-New-Action-Based-Dataset-of-Fiscal-Consolidation-25022,dglp_2011,1992-01-01,1992-10-01,0
FIN,1995-01-01,0.7,pct_gdp,-1,both,expenditure,1.0,manual,https://www.imf.org/en/Publications/WP/Issues/2016/12/31/A-New-Action-Based-Dataset-of-Fiscal-Consolidation-25022,dglp_2011,1995-01-01,1995-10-01,0
FIN,1995-01-01,0.5,pct_gdp,-1,consumption,tax,1.0,manual,https://www.imf.org/en/Publications/WP/Issues/2016/12/31/A-New-Action-Based-Dataset-of-Fiscal-Consolidation-25022,dglp_2011,1995-01-01,1995-10-01,0
FRA,1979-01-01,0.4,pct_gdp,-1,both,expenditure,1.0,manual,https://www.imf.org/en/Publications/WP/Issues/2016/12/31/A-New-Action-Based-Dataset-of-Fiscal-Consolidation-25022,dglp_2011,1979-01-01,1979-10-01,0
FRA,1995-01-01,0.9,pct_gdp,-1,both,expenditure,1.0,manual,https://www.imf.org/en/Publications/WP/Issues/2016/12/31/A-New-Action-Based-Dataset-of-Fiscal-Consolidation-25022,dglp_2011,1995-01-01,1996-10-01,0
FRA,1995-01-01,0.9,pct_gdp,-1,consumption,tax,1.0,manual,https://www.imf.org/en/Publications/WP/Issues/2016/12/31/A-New-Action-Based-Dataset-of-Fiscal-Consolidation-25022,dglp_2011,1995-01-01,1996-10-01,0
FRA,2007-01-01,0.005,pct_gdp,-1,consumption,tax,1.0,manual,https://eml.berkeley.edu/~dromer/papers/,romer_romer_2017,2007-01-01,2007-01-01,0
FRA,2011-01-01,1.0,pct_gdp,-1,both,expenditure,1.0,manual,https://www.imf.org/en/Publications/WP/Issues/2016/12/31/A-New-Action-Based-Dataset-of-Fiscal-Consolidation-25022,dglp_2011,2011-01-01,2012-10-01,0
FRA,2011-01-01,1.1,pct_gdp,-1,consumption,tax,1.0,manual,https://www.imf.org/en/Publications/WP/Issues/2016/12/31/A-New-Action-Based-Dataset-of-Fiscal-Consolidation-25022,dglp_2011,2011-01-01,2012-10-01,0
FRA,2013-01-01,0.012,pct_gdp,1,consumption,tax,1.0,manual,https://eml.berkeley.edu/~dromer/papers/,romer_romer_2017,2013-01-01,2013-01-01,0
GBR,1979-01-01,0.018,pct_gdp,-1,consumption,tax,1.0,manual,https://eml.berkeley.edu/~dromer/papers/,romer_romer_2017,1979-01-01,1979-01-01,0
GBR,1980-01-01,0.8,pct_gdp,-1,both,expenditure,1.0,manual,https://www.imf.org/en/Publications/WP/Issues/2016/12/31/A-New-Action-Based-Dataset-of-Fiscal-Consolidation-25022,dglp_2011,1980-01-01,1981-10-01,0
GBR,1980-01-01,1.2999999999999998,pct_gdp,-1,consumption,tax,1.0,manual,https://www.imf.org/en/Publications/WP/Issues/2016/12/31/A-New-Action-Based-Dataset-of-Fiscal-Consolidation-25022,dglp_2011,1980-01-01,1981-10-01,0
GBR,1988-01-01,0.014,pct_gdp,-1,consumption,tax,1.0,manual,https://eml.berkeley.edu/~dromer/papers/,romer_romer_2017,1988-01-01,1988-01-01,0
GBR,1993-01-01,0.01,pct_gdp,1,consumption,tax,1.0,manual,https://eml.berkeley.edu/~dromer/papers/,romer_romer_2017,1993-01-01,1993-01-01,0
GBR,1994-01-01,0.6,pct_gdp,-1,consumption,tax,1.0,manual,https://www.imf.org/en/Publications/WP/Issues/2016/12/31/A-New-Action-Based-Dataset-of-Fiscal-Consolidation-25022,dglp_2011,1994-01-01,1994-10-01,0
GBR,2010-01-01,1.6,pct_gdp,-1,both,expenditure,1.0,manual,https://www.imf.org/en/Publications/WP/Issues/2016/12/31/A-New-Action-Based-Dataset-of-Fiscal-Consolidation-25022,dglp_2011,2010-01-01,2011-10-01,0
GBR,2010-01-01,0.7,pct_gdp,-1,consumption,tax,1.0,manual,https://www.imf.org/en/Publications/WP/Issues/2016/12/31/A-New-Action-Based-Dataset-of-Fiscal-Consolidation-25022,dglp_2011,2010-01-01,2011-10-01,0
GBR,2010-01-01,0.02,pct_gdp,1,consumption,tax,1.0,manual,https://eml.berkeley.edu/~dromer/papers/,romer_romer_2017,2010-01-01,2010-01-01,0
IRL,1981-01-01,0.4,pct_gdp,-1,both,expenditure,1.0,manual,https://www.imf.org/en/Publications/WP/Issues/2016/12/31/A-New-Action-Based-Dataset-of-Fiscal-Consolidation-25022,dglp_2011,1981-01-01,1981-10-01,0
IRL,1981-01-01,0.6,pct_gdp,-1,consumption,tax,1.0,manual,https://www.imf.org/en/Publications/WP/Issues/2016/12/31/A-New-Action-Based-Dataset-of-Fiscal-Consolidation-25022,dglp_2011,1981-01-01,1981-10-01,0
IRL,1987-01-01,1.4,pct_gdp,-1,both,expenditure,1.0,manual,https://www.imf.org/en/Publications/WP/Issues/2016/12/31/A-New-Action-Based-Dataset-of-Fiscal-Consolidation-25022,dglp_2011,1987-01-01,1987-10-01,0
IRL,1991-01-01,0.005,pct_gdp,-1,consumption,tax,1.0,manual,https://eml.berkeley.edu/~dromer/papers/,romer_romer_2017,1991-01-01,1991-01-01,0
IRL,2009-01-01,3.2,pct_gdp,-1,both,expenditure,1.0,manual,https://www.imf.org/en/Publications/WP/Issues/2016/12/31/A-New-Action-Based-Dataset-of-Fiscal-Consolidation-25022,dglp_2011,2009-01-01,2010-10-01,0
IRL,2009-01-01,1.2,pct_gdp,-1,consumption,tax,1.0,manual,https://www.imf.org/en/Publications/WP/Issues/2016/12/31/A-New-Action-Based-Dataset-of-Fiscal-Consolidation-25022,dglp_2011,2009-01-01,2010-10-01,0
IRL,2009-01-01,0.02,pct_gdp,1,consumption,tax,1.0,manual,https://eml.berkeley.edu/~dromer/papers/,romer_romer_2017,2009-01-01,2009-01-01,0
ITA,1992-01-01,2.1,pct_gdp,-1,both,expenditure,1.0,manual,https://www.imf.org/en/Publications/WP/Issues/2016/12/31/A-New-Action-Based-Dataset-of-Fiscal-Consolidation-25022,dglp_2011,1992-01-01,1993-10-01,0
ITA,1992-01-01,1.7999999999999998,pct_gdp,-1,consumption,tax,1.0,manual,https://www.imf.org/en/Publications/WP/Issues/2016/12/31/A-New-Action-Based-Dataset-of-Fiscal-Consolidation-25022,dglp_2011,1992-01-01,1993-10-01,0
ITA,1992-01-01,0.02,pct_gdp,1,consumption,tax,1.0,manual,https://eml.berkeley.edu/~dromer/papers/,romer_romer_2017,1992-01-01,1992-01-01,0
ITA,1996-01-01,2.0,pct_gdp,-1,both,expenditure,1.0,manual,https://www.imf.org/en/Publications/WP/Issues/2016/12/31/A-New-Action-Based-Dataset-of-Fiscal-Consolidation-25022,dglp_2011,1996-01-01,1997-10-01,0
ITA,1996-01-01,1.1,pct_gdp,-1,consumption,tax,1.0,manual,https://www.imf.org/en/Publications/WP/Issues/2016/12/31/A-New-Action-Based-Dataset-of-Fiscal-Consolidation-25022,dglp_2011,1996-01-01,1997-10-01,0
ITA,1997-01-01,0.015,pct_gdp,1,consumption,tax,1.0,manual,https://eml.berkeley.edu/~dromer/papers/,romer_romer_2017,1997-01-01,1997-01-01,0
ITA,2011-01-01,0.018,pct_gdp,1,consumption,tax,1.0,manual,https://eml.berkeley.edu/~dromer/papers/,romer_romer_2017,2011-01-01,2011-01-01,0
ITA,2012-01-01,1.5,pct_gdp,-1,both,expenditure,1.0,manual,https://www.imf.org/en/Publications/WP/Issues/2016/12/31/A-New-Action-Based-Dataset-of-Fiscal-Consolidation-25022,dglp_2011,2012-01-01,2012-10-01,0
ITA,2012-01-01,0.6,pct_gdp,-1,consumption,tax,1.0,manual,https://www.imf.org/en/Publications/WP/Issues/2016/12/31/A-New-Action-Based-Dataset-of-Fiscal-Consolidation-25022,dglp_2011,2012-01-01,2012-10-01,0
JPN,1980-01-01,0.5,pct_gdp,-1,consumption,tax,1.0,manual,https://www.imf.org/en/Publications/WP/Issues/2016/12/31/A-New-Action-Based-Dataset-of-Fiscal-Consolidation-25022,dglp_2011,1980-01-01,1980-10-01,0
JPN,1989-01-01,0.025,pct_gdp,1,consumption,tax,1.0,manual,https://eml.berkeley.edu/~dromer/papers/,romer_romer_2017,1989-01-01,1989-01-01,0
JPN,1997-01-01,1.0,pct_gdp,-1,consumption,tax,1.0,manual,https://www.imf.org/en/Publications/WP/Issues/2016/12/31/A-New-Action-Based-Dataset-of-Fiscal-Consolidation-25022,dglp_2011,1997-01-01,1997-10-01,0
JPN,1997-01-01,0.015,pct_gdp,1,consumption,tax,1.0,manual,https://eml.berkeley.edu/~dromer/papers/,romer_romer_2017,1997-01-01,1997-01-01,0
JPN,2014-01-01,0.7,pct_gdp,-1,consumption,tax,1.0,manual,https://www.imf.org/en/Publications/WP/Issues/2016/12/31/A-New-Action-Based-Dataset-of-Fiscal-Consolidation-25022,dglp_2011,2014-01-01,2014-10-01,0
JPN,2014-01-01,0.012,pct_gdp,1,consumption,tax,1.0,manual,https://eml.berkeley.edu/~dromer/papers/,romer_romer_2017,2014-01-01,2014-01-01,0
NLD,1990-01-01,0.005,pct_gdp,-1,consumption,tax,1.0,manual,https://eml.berkeley.edu/~dromer/papers/,romer_romer_2017,1990-01-01,1990-01-01,0
NLD,1992-01-01,0.5,pct_gdp,-1,both,expenditure,1.0,manual,https://www.imf.org/en/Publications/WP/Issues/2016/12/31/A-New-Action-Based-Dataset-of-Fiscal-Consolidation-25022,dglp_2011,1992-01-01,1992-10-01,0
NLD,1994-01-01,0.01,pct_gdp,-1,consumption,tax,1.0,manual,https://eml.berkeley.edu/~dromer/papers/,romer_romer_2017,1994-01-01,1994-01-01,0
NLD,2004-01-01,0.6,pct_gdp,-1,both,expenditure,1.0,manual,https://www.imf.org/en/Publications/WP/Issues/2016/12/31/A-New-Action-Based-Dataset-of-Fiscal-Consolidation-25022,dglp_2011,2004-01-01,2004-10-01,0
PRT,1981-01-01,0.5,pct_gdp,-1,both,expenditure,1.0,manual,https://www.imf.org/en/Publications/WP/Issues/2016/12/31/A-New-Action-Based-Dataset-of-Fiscal-Consolidation-25022,dglp_2011,1981-01-01,1981-10-01,0
PRT,1981-01-01,0.5,pct_gdp,-1,consumption,tax,1.0,manual,https://www.imf.org/en/Publications/WP/Issues/2016/12/31/A-New-Action-Based-Dataset-of-Fiscal-Consolidation-25022,dglp_2011,1981-01-01,1981-10-01,0
PRT,1983-01-01,1.0,pct_gdp,-1,both,expenditure,1.0,manual,https://www.imf.org/en/Publications/WP/Issues/2016/12/31/A-New-Action-Based-Dataset-of-Fiscal-Consolidation-25022,dglp_2011,1983-01-01,1983-10-01,0
PRT,2011-01-01,2.2,pct_gdp,-1,both,expenditure,1.0,manual,https://www.imf.org/en/Publications/WP/Issues/2016/12/31/A-New-Action-Based-Dataset-of-Fiscal-Consolidation-25022,dglp_2011,2011-01-01,2012-10-01,0
PRT,2011-01-01,1.1,pct_gdp,-1,consumption,tax,1.0,manual,https://www.imf.org/en/Publications/WP/Issues/2016/12/31/A-New-Action-Based-Dataset-of-Fiscal-Consolidation-25022,dglp_2011,2011-01-01,2012-10-01,0
SWE,1993-01-01,1.0,pct_gdp,-1,both,expenditure,1.0,manual,https://www.imf.org/en/Publications/WP/Issues/2016/12/31/A-New-Action-Based-Dataset-of-Fiscal-Consolidation-25022,dglp_2011,1993-01-01,1993-10-01,0
SWE,1993-01-01,1.0,pct_gdp,-1,consumption,tax,1.0,manual,https://www.imf.org/en/Publications/WP/Issues/2016/12/31/A-New-Action-Based-Dataset-of-Fiscal-Consolidation-25022,dglp_2011,1993-01-01,1993-10-01,0
SWE,1994-01-01,0.005,pct_gdp,-1,consumption,tax,1.0,manual,https://eml.berkeley.edu/~dromer/papers/,romer_romer_2017,1994-01-01,1994-01-01,0
SWE,1995-01-01,1.7000000000000002,pct_gdp,-1,both,expenditure,1.0,manual,https://www.imf.org/en/Publications/WP/Issues/2016/12/31/A-New-Action-Based-Dataset-of-Fiscal-Consolidation-25022,dglp_2011,1995-01-01,1996-10-01,0
SWE,1995-01-01,1.1,pct_gdp,-1,consumption,tax,1.0,manual,https://www.imf.org/en/Publications/WP/Issues/2016/12/31/A-New-Action-Based-Dataset-of-Fiscal-Consolidation-25022,dglp_2011,1995-01-01,1996-10-01,0
SWE,2007-01-01,0.01,pct_gdp,-1,consumption,tax,1.0,manual,https://eml.berkeley.edu/~dromer/papers/,romer_romer_2017,2007-01-01,2007-01-01,0
USA,1962-01-01,0.012,pct_gdp,-1,consumption,tax,1.0,manual,https://eml.berkeley.edu/~dromer/papers/,romer_romer_2017,1962-01-01,1962-01-01,0
USA,1981-01-01,1.5999999999999999,pct_gdp,-1,both,expenditure,1.0,manual,https://www.imf.org/en/Publications/WP/Issues/2016/12/31/A-New-Action-Based-Dataset-of-Fiscal-Consolidation-25022,dglp_2011,1981-01-01,1983-10-01,0
USA,1981-01-01,0.9,pct_gdp,-1,consumption,tax,1.0,manual,https://www.imf.org/en/Publications/WP/Issues/2016/12/31/A-New-Action-Based-Dataset-of-Fiscal-Consolidation-25022,dglp_2011,1981-01-01,1982-10-01,0
USA,1981-01-01,0.02,pct_gdp,-1,consumption,tax,1.0,manual,https://eml.berkeley.edu/~dromer/papers/,romer_romer_2017,1981-01-01,1981-01-01,0
USA,1986-01-01,0.005,pct_gdp,1,consumption,tax,1.0,manual,https://eml.berkeley.edu/~dromer/papers/,romer_romer_2017,1986-01-01,1986-01-01,0
USA,1990-01-01,0.6,pct_gdp,-1,consumption,tax,1.0,manual,https://www.imf.org/en/Publications/WP/Issues/2016/12/31/A-New-Action-Based-Dataset-of-Fiscal-Consolidation-25022,dglp_2011,1990-01-01,1990-10-01,0
USA,1993-01-01,0.4,pct_gdp,-1,both,expenditure,1.0,manual,https://www.imf.org/en/Publications/WP/Issues/2016/12/31/A-New-Action-Based-Dataset-of-Fiscal-Consolidation-25022,dglp_2011,1993-01-01,1993-10-01,0
USA,1993-01-01,0.5,pct_gdp,-1,consumption,tax,1.0,manual,https://www.imf.org/en/Publications/WP/Issues/2016/12/31/A-New-Action-Based-Dataset-of-Fiscal-Consolidation-25022,dglp_2011,1993-01-01,1993-10-01,0
USA,2001-01-01,0.012,pct_gdp,-1,consumption,tax,1.0,manual,https://eml.berkeley.edu/~dromer/papers/,romer_romer_2017,2001-01-01,2001-01-01,0
USA,2003-01-01,0.005,pct_gdp,-1,consumption,tax,1.0,manual,https://eml.berkeley.edu/~dromer/papers/,romer_romer_2017,2003-01-01,2003-01-01,0
USA,2017-01-01,0.012,pct_gdp,-1,consumption,tax,1.0,manual,https://eml.berkeley.edu/~dromer/papers/,romer_romer_2017,2017-01-01,2017-01-01,0
