beta,psik,ok,n_stable,margin,robust
0.85,0.25,True,12,0.1000000019284335,True
0.85725,0.25,True,12,0.1000000009154508,True
0.8644999999999999,0.25,True,12,0.10000000966297351,True
0.87175,0.25,True,12,0.10000001163367034,True
0.879,0.25,True,12,0.10000000740033665,True
0.88625,0.25,True,12,0.10000000617054827,True
0.8935,0.25,True,12,0.10000002620871629,True
0.9007499999999999,0.25,True,12,0.10000000517453689,True
0.908,0.25,True,12,0.10000001499020406,True
0.91525,0.25,True,12,0.10000000348138871,True
0.9225,0.25,True,12,0.10000001999776909,True
0.92975,0.25,True,12,0.10000002359861715,True
0.937,0.25,True,12,0.09999997293922158,True
0.94425,0.25,True,12,0.10000001902888545,True
0.9515,0.25,True,12,0.09595753498399184,True
0.95875,0.25,True,12,0.08444697524290012,True
0.966,0.25,True,12,0.07264549460159497,True
0.97325,0.25,True,12,0.06060614689296351,True
0.9805,0.25,True,12,0.04849776162493147,True
0.98775,0.25,True,12,0.036749274780750185,True
0.995,0.25,True,12,0.026320058444418426,True
0.85,0.7375,True,12,0.10000000833759226,True
0.85725,0.7375,True,12,0.10000000768605344,True
0.8644999999999999,0.7375,True,12,0.09999999643092061,True
0.87175,0.7375,True,12,0.10000000055163016,True
0.879,0.7375,True,12,0.10000000544213505,True
0.88625,0.7375,True,12,0.10000001819107285,True
0.8935,0.7375,True,12,0.10000002189206314,True
0.9007499999999999,0.7375,True,12,0.1000000102924995,True
0.908,0.7375,True,12,0.1000000326710293,True
0.91525,0.7375,True,12,0.10000001531521197,True
0.9225,0.7375,True,12,0.09999999437962614,True
0.92975,0.7375,True,12,0.10000016121900845,True
0.937,0.7375,True,12,0.10000016229252773,True
0.94425,0.7375,True,12,0.09710111491068818,True
0.9515,0.7375,True,12,0.08782260402628395,True
0.95875,0.7375,True,12,0.07810917059635258,True
0.966,0.7375,True,12,0.067945016553696,True
0.97325,0.7375,True,12,0.057355610809123325,True
0.9805,0.7375,True,12,0.04646982736309735,True
0.98775,0.7375,True,12,0.03566570498863997,True
0.995,0.7375,True,12,0.025856415138031386,True
0.85,1.225,True,12,0.10000001511497136,True
0.85725,1.225,True,12,0.10000000059281577,True
0.8644999999999999,1.225,True,12,0.10000001077258658,True
0.87175,1.225,True,12,0.1000000148022051,True
0.879,1.225,True,12,0.10000004858796752,True
0.88625,1.225,True,12,0.0999999961583159,True
0.8935,1.225,True,12,0.10000004293966547,True
0.9007499999999999,1.225,True,12,0.10000000231961126,True
0.908,1.225,True,12,0.09999999224056189,True
0.91525,1.225,True,12,0.09999998607134619,True
0.9225,1.225,True,12,0.10000007077758966,True
0.92975,1.225,True,12,0.09999994099143428,True
0.937,1.225,True,12,0.09664824085669188,True
0.94425,1.225,True,12,0.0891911154114935,True
0.9515,1.225,True,12,0.08128885670214847,True
0.95875,1.225,True,12,0.07289749620944141,True
0.966,1.225,True,12,0.06398269330177853,True
0.97325,1.225,True,12,0.054542176275694354,True
0.9805,1.225,True,12,0.04466412870387437,True
0.98775,1.225,True,12,0.034671381684375446,True
0.995,1.225,True,12,0.02541799878586226,True
0.85,1.7125,True,12,0.10000003357786047,True
0.85725,1.7125,True,12,0.10000001962614236,True
0.8644999999999999,1.7125,True,12,0.10000001595220342,True
0.87175,1.7125,True,12,0.1000000193438988,True
0.879,1.7125,True,12,0.10000004398009876,True
0.88625,1.7125,True,12,0.09999999911982294,True
0.8935,1.7125,True,12,0.10000000741769033,True
0.9007499999999999,1.7125,True,12,0.10000006550164109,True
0.908,1.7125,True,12,0.1000001581247123,True
0.91525,1.7125,True,12,0.10000018419939538,True
0.9225,1.7125,True,12,0.10000084782210616,True
0.92975,1.7125,True,12,0.09519321521787438,True
0.937,1.7125,True,12,0.08917473779334628,True
0.94425,1.7125,True,12,0.0827550452276603,True
0.9515,1.7125,True,12,0.0758840445754726,True
0.95875,1.7125,True,12,0.06850897035932313,True
0.966,1.7125,True,12,0.06058075594457002,True
0.97325,1.7125,True,12,0.05207413190641219,True
0.9805,1.7125,True,12,0.0430417859574983,True
0.98775,1.7125,True,12,0.033754240087676024,True
0.995,1.7125,True,12,0.025002537347488474,True
0.85,2.2,True,12,0.10000000790534791,True
0.85725,2.2,True,12,0.10000004015975117,True
0.8644999999999999,2.2,True,12,0.10000001045150475,True
0.87175,2.2,True,12,0.10000006698955766,True
0.879,2.2,True,12,0.10000003191054718,True
0.88625,2.2,True,12,0.09999989804029263,True
0.8935,2.2,True,12,0.10000001957891358,True
0.9007499999999999,2.2,True,12,0.09999990107353662,True
0.908,2.2,True,12,0.10000054952791337,True
0.91525,2.2,True,12,0.09772636032674364,True
0.9225,2.2,True,12,0.09313555648725547,True
0.92975,2.2,True,12,0.08824198059709332,True
0.937,2.2,True,12,0.08300552432132435,True
0.94425,2.2,True,12,0.07738029221263931,True
0.9515,2.2,True,12,0.07131315247480219,True
0.95875,2.2,True,12,0.06474512183323122,True
0.966,2.2,True,12,0.057616694854289885,True
0.97325,2.2,True,12,0.04988499428650983,True
0.9805,2.2,True,12,0.04157303762108755,True
0.98775,2.2,True,12,0.03290447822476983,True
0.995,2.2,True,12,0.02460793889862689,True
0.85,2.6875,True,12,0.10000002582082856,True
0.85725,2.6875,True,12,0.1000000614691654,True
0.8644999999999999,2.6875,True,12,0.10000003803523949,True
0.87175,2.6875,True,12,0.10000008072136479,True
0.879,2.6875,True,12,0.09999997897652857,True
0.88625,2.6875,True,12,0.09999998070704896,True
0.8935,2.6875,True,12,0.10000014785513278,True
0.9007499999999999,2.6875,True,12,0.09803272847794686,True
0.908,2.6875,True,12,0.09449619764196748,True
0.91525,2.6875,True,12,0.09073515769015728,True
0.9225,2.6875,True,12,0.08672153693457418,True
0.92975,2.6875,True,12,0.08242221699088292,True
0.937,2.6875,True,12,0.07779790522875207,True
0.94425,2.6875,True,12,0.07280209097841717,True
0.9515,2.6875,True,12,0.06738009979692483,True
0.95875,2.6875,True,12,0.06146927293650839,True
0.966,2.6875,True,12,0.05500301640239713,True
0.97325,2.6875,True,12,0.04792507662553125,True
0.9805,2.6875,True,12,0.04023454770061319,True
0.98775,2.6875,True,12,0.03211393946072061,True
0.995,2.6875,True,12,0.02423246597565154,True
0.85,3.175,True,12,0.10000005982777171,True
0.85725,3.175,True,12,0.09999992917668721,True
0.8644999999999999,3.175,True,12,0.10000006544959161,True
0.87175,3.175,True,12,0.09999976123374743,True
0.879,3.175,True,12,0.09956508780511697,True
0.88625,3.175,True,12,0.09695331309205735,True
0.8935,3.175,True,12,0.09419468790523033,True
0.9007499999999999,3.175,True,12,0.09126906258738299,True
0.908,3.175,True,12,0.08815749226280356,True
0.91525,3.175,True,12,0.08483717110444822,True
0.9225,3.175,True,12,0.08128071164346462,True
0.92975,3.175,True,12,0.07745618929708387,True
0.937,3.175,True,12,0.07332486436087471,True
0.94425,3.175,True,12,0.06884066409334955,True
0.9515,3.175,True,12,0.0639484487349482,True
0.95875,3.175,True,12,0.0585836742137652,True
0.966,3.175,True,12,0.052675057633843836,True
0.97325,3.175,True,12,0.04615648607367684,True
0.9805,3.175,True,12,0.03900778468233235,True
0.98775,3.175,True,12,0.03137583203718852,True
0.995,3.175,True,12,0.023874529592314175,True
0.85,3.6625,True,12,0.10000117314518231,True
0.85725,3.6625,True,12,0.09905999421898626,True
0.8644999999999999,3.6625,True,12,0.09709723037266282,True
0.87175,3.6625,True,12,0.09503140252978326,True
0.879,3.6625,True,12,0.09285192448132906,True
0.88625,3.6625,True,12,0.09054784318188869,True
0.8935,3.6625,True,12,0.0881051566258454,True
0.9007499999999999,3.6625,True,12,0.08550836591440103,True
0.908,3.6625,True,12,0.08273879776745952,True
0.91525,3.6625,True,12,0.07977472232647753,True
0.9225,3.6625,True,12,0.07659013523364355,True
0.92975,3.6625,True,12,0.0731539240678245,True
0.937,3.6625,True,12,0.06942864710356855,True
0.94425,3.6625,True,12,0.0653688574166853,True
0.9515,3.6625,True,12,0.060919808565538025,True
0.95875,3.6625,True,12,0.05601619987415163,True
0.966,3.6625,True,12,0.050583922501768686,True
0.97325,3.6625,True,12,0.04454959610940523,True
0.9805,3.6625,True,12,0.037877652493572556,True
0.98775,3.6625,True,12,0.03068444455285191,True
0.995,3.6625,True,12,0.023532737603763065,True
0.85,4.15,True,12,0.09426666990944932,True
0.85725,4.15,True,12,0.09261227780740555,True
0.8644999999999999,4.15,True,12,0.09087102280428627,True
0.87175,4.15,True,12,0.08903511115184515,True
0.879,4.15,True,12,0.08709455474338779,True
0.88625,4.15,True,12,0.08503844162305296,True
0.8935,4.15,True,12,0.08285419539267003,True
0.9007499999999999,4.15,True,12,0.08052680485798469,True
0.908,4.15,True,12,0.0780385914298175,True
0.91525,4.15,True,12,0.07536891158561965,True
0.9225,4.15,True,12,0.07249279163767297,True
0.92975,4.15,True,12,0.06938043307252184,True
0.937,4.15,True,12,0.06599546267048562,True
0.94425,4.15,True,12,0.06229364579209029,True
0.9515,4.15,True,12,0.05822101626971077,True
0.95875,4.15,True,12,0.053712299642789674,True
0.966,4.15,True,12,0.048691741283318546,True
0.97325,4.15,True,12,0.043080903813586424,True
0.9805,4.15,True,12,0.03683186279982387,True
0.98775,4.15,True,12,0.030034885594411365,True
0.995,4.15,True,12,0.023205868428684107,True
0.85,4.6375,True,12,0.08851284078871968,True
0.85725,4.6375,True,12,0.08703449035171684,True
0.8644999999999999,4.6375,True,12,0.08547624676735432,True
0.87175,4.6375,True,12,0.08383014632270802,True
0.879,4.6375,True,12,0.08208718866654874,True
0.88625,4.6375,True,12,0.0802370851826012,True
0.8935,4.6375,True,12,0.07826785920740142,True
0.9007499999999999,4.6375,True,12,0.07616528688306257,True
0.908,4.6375,True,12,0.07391275083046234,True
0.91525,4.6375,True,12,0.07149042055784205,True
0.9225,4.6375,True,12,0.06887453270966826,True
0.92975,4.6375,True,12,0.06603637228478632,True
0.937,4.6375,True,12,0.06294097974037416,True
0.94425,4.6375,True,12,0.059545303581168496,True
0.9515,4.6375,True,12,0.05579640669680885,True
0.95875,4.6375,True,12,0.05162971084843315,True
0.966,4.6375,True,12,0.046968681612559626,True
0.97325,4.6375,True,12,0.04173148956606154,True
0.9805,4.6375,True,12,0.03586030526582007,True
0.98775,4.6375,True,12,0.029422935033673325,True
0.995,4.6375,True,12,0.022892799655984897,True
0.85,5.125,True,12,0.0834826257628628,True
0.85725,5.125,True,12,0.08215155063923696,True
0.8644999999999999,5.125,True,12,0.08074638824138591,True
0.87175,5.125,True,12,0.07925976177458971,True
0.879,5.125,True,12,0.07768308864283735,True
0.88625,5.125,True,12,0.07600666323472705,True
0.8935,5.125,True,12,0.07421917205255035,True
0.9007499999999999,5.125,True,12,0.07230712698369735,True
0.908,5.125,True,12,0.070254830093605,True
0.91525,5.125,True,12,0.06804327668297228,True
0.9225,5.125,True,12,0.06564988662898907,True
0.92975,5.125,True,12,0.06304701133229595,True
0.937,5.125,True,12,0.06020094558908229,True
0.94425,5.125,True,12,0.05707005861517578,True
0.9515,5.125,True,12,0.05360269293300768,True
0.95875,5.125,True,12,0.04973519685318295,True
0.966,5.125,True,12,0.045391001782527085,True
0.97325,5.125,True,12,0.040485914524140965,True
0.9805,5.125,True,12,0.03495441318331094,True
0.98775,5.125,True,12,0.02884507692212701,True
0.995,5.125,True,12,0.02259256561145495,True
0.85,5.6125,True,12,0.079040049050354,True
0.85725,5.6125,True,12,0.07783388845705708,True
0.8644999999999999,5.6125,True,12,0.07655878401328464,True
0.87175,5.6125,True,12,0.0752077066929393,True
0.879,5.6125,True,12,0.07377279101937961,True
0.88625,5.6125,True,12,0.07224480710694214,True
0.8935,5.6125,True,12,0.07061289242580382,True
0.9007499999999999,5.6125,True,12,0.06886433951168724,True
0.908,5.6125,True,12,0.06698418957048813,True
0.91525,5.6125,True,12,0.06495444012263107,True
0.9225,5.6125,True,12,0.06275338272287267,True
0.92975,5.6125,True,12,0.060354580531628454,True
0.937,5.6125,True,12,0.057725543754991615,True
0.94425,5.6125,True,12,0.0548259938998249,True
0.9515,5.6125,True,12,0.051605674384775146,True
0.95875,5.6125,True,12,0.048002122874840514,True
0.966,5.6125,True,12,0.04393924290815787,True
0.97325,5.6125,True,12,0.039331394818325593,True
0.9805,5.6125,True,12,0.03410696525486634,True
0.98775,5.6125,True,12,0.028298112416883958,True
0.995,5.6125,True,12,0.02230423491869382,True
0.85,6.1,True,12,0.07508236211108954,True
0.85725,6.1,True,12,0.07398331213667853,True
0.8644999999999999,6.1,True,12,0.07281991335628746,True
0.87175,6.1,True,12,0.07158557960617329,True
0.879,6.1,True,12,0.07027291318082596,True
0.88625,6.1,True,12,0.06887303604665995,True
0.8935,6.1,True,12,0.06737574065995511,True
0.9007499999999999,6.1,True,12,0.06576905109804798,True
0.908,6.1,True,12,0.06403847699641041,True
0.91525,6.1,True,12,0.062167030096883624,True
0.9225,6.1,True,12,0.06013393120888566,True
0.92975,6.1,True,12,0.05791375270753374,True
0.937,6.1,True,12,0.05547529449680788,True
0.94425,6.1,True,12,0.052779603227517735,True
0.9515,6.1,True,12,0.04977786985771526,True
0.95875,6.1,True,12,0.0464089114331,True
0.966,6.1,True,12,0.042597506205082514,True
0.97325,6.1,True,12,0.03825727324828676,True
0.9805,6.1,True,12,0.03331189040880023,True
0.98775,6.1,True,12,0.027779335557282403,True
0.995,6.1,True,12,0.022027046318316423,True
0.85,6.5874999999999995,True,12,0.07153034603491093,True
0.85725,6.5874999999999995,True,12,0.07052405021246244,True
0.8644999999999999,6.5874999999999995,True,12,0.06945756830042038,True
0.87175,6.5874999999999995,True,12,0.06832479323233986,True
0.879,6.5874999999999995,True,12,0.06711843055197986,True
0.88625,6.5874999999999995,True,12,0.06583029294737341,True
0.8935,6.5874999999999995,True,12,0.06445062453930561,True
0.9007499999999999,6.5874999999999995,True,12,0.06296790003791652,True
0.908,6.5874999999999995,True,12,0.06136855328538604,True
0.91525,6.5874999999999995,True,12,0.059636183227322226,True
0.9225,6.5874999999999995,True,12,0.05775088445719445,True
0.92975,6.5874999999999995,True,12,0.055688374697048126,True
0.937,6.5874999999999995,True,12,0.05341860043429214,True
0.94425,6.5874999999999995,True,12,0.05090387001806107,True
0.9515,6.5874999999999995,True,12,0.04809684589735308,True
0.95875,6.5874999999999995,True,12,0.04493783988022049,True
0.966,6.5874999999999995,True,12,0.04135260041033839,True
0.97325,6.5874999999999995,True,12,0.037254613992262375,True
0.9805,6.5874999999999995,True,12,0.03256394520395911,True
0.98775,6.5874999999999995,True,12,0.027286354015732206,True
0.995,6.5874999999999995,True,12,0.021760229834565825,True
0.85,7.075,True,12,0.06832161789225444,True
0.85725,7.075,True,12,0.06739644838732761,True
0.8644999999999999,7.075,True,12,0.06641485221451804,True
0.87175,7.075,True,12,0.06537096634464235,True
0.879,7.075,True,12,0.06425796182440913,True
0.88625,7.075,True,12,0.0630680281610384,True
0.8935,7.075,True,12,0.06179184343779265,True
0.9007499999999999,7.075,True,12,0.060418510305346174,True
0.908,7.075,True,12,0.05893500442764876,True
0.91525,7.075,True,12,0.05732566492043756,True
0.9225,7.075,True,12,0.0555715179489491,True
0.92975,7.075,True,12,0.053649158326552704,True
0.937,7.075,True,12,0.051529669492045294,True
0.94425,7.075,True,12,0.04917668980471812,True
0.9515,7.075,True,12,0.04654422897114596,True
0.95875,7.075,True,12,0.04357415384310448,True
0.966,7.075,True,12,0.040193449198843045,True
0.97325,7.075,True,12,0.036315807234180264,True
0.9805,7.075,True,12,0.03185853118297588,True
0.98775,7.075,True,12,0.026816999867669167,True
0.995,7.075,True,12,0.021503188090048586,True
0.85,7.5625,True,12,0.06540652498110844,True
0.85725,7.5625,True,12,0.06455276968879975,True
0.8644999999999999,7.5625,True,12,0.06364595760824165,True
0.87175,7.5625,True,12,0.06268055869617661,True
0.879,7.5625,True,12,0.0616500800955434,True
0.88625,7.5625,True,12,0.060547065052819704,True
0.8935,7.5625,True,12,0.05936262596516373,True
0.9007499999999999,7.5625,True,12,0.05808641041850293,True
0.908,7.5625,True,12,0.05670592132400876,True
0.91525,7.5625,True,12,0.055206293420450026,True
0.9225,7.5625,True,12,0.05356913565415089,True
0.92975,7.5625,True,12,0.05177211609560506,True
0.937,7.5625,True,12,0.04978732377714734,True
0.94425,7.5625,True,12,0.04757967035052246,True
0.9515,7.5625,True,12,0.04510466329354723,True
0.95875,7.5625,True,12,0.04230549552445084,True
0.966,7.5625,True,12,0.03911064515749474,True
0.97325,7.5625,True,12,0.035434279840007465,True
0.9805,7.5625,True,12,0.031191732802314243,True
0.98775,7.5625,True,12,0.026369427671157575,True
0.995,7.5625,True,12,0.021255206087023804,True
0.85,8.05,True,12,0.06274480843956398,True
0.85725,8.05,True,12,0.06195434121764498,True
0.8644999999999999,8.05,True,12,0.061113890195416576,True
0.87175,8.05,True,12,0.06021819615298474,True
0.879,8.05,True,12,0.05926113788215326,True
0.88625,8.05,True,12,0.05823549296071928,True
0.8935,8.05,True,12,0.05713291197968495,True
0.9007499999999999,8.05,True,12,0.05594343280352032,True
0.908,8.05,True,12,0.05465512770056846,True
0.91525,8.05,True,12,0.05325369661189838,True
0.9225,8.05,True,12,0.05172160705494322,True
0.92975,8.05,True,12,0.050037287790280716,True
0.937,8.05,True,12,0.048173966237338606,True
0.94425,8.05,True,12,0.04609769462929536,True
0.9515,8.05,True,12,0.04376528840594429,True
0.95875,8.05,True,12,0.041121495146150266,True
0.966,8.05,True,12,0.038096268763915586,True
0.97325,8.05,True,12,0.034604492016432786,True
0.9805,8.05,True,12,0.030560167007477546,True
0.98775,8.05,True,12,0.025941964438410903,True
0.995,8.05,True,12,0.02101585806712214,True
0.85,8.5375,True,12,0.06030342884566464,True
0.85725,8.5375,True,12,0.05956934164350636,True
0.8644999999999999,8.5375,True,12,0.05878814892534456,True
0.87175,8.5375,True,12,0.05795474652601762,True
0.879,8.5375,True,12,0.05706330749178634,True
0.88625,8.5375,True,12,0.056107020056974655,True
0.8935,8.5375,True,12,0.05507784055338805,True
0.9007499999999999,8.5375,True,12,0.05396621205442009,True
0.908,8.5375,True,12,0.052760816404788025,True
0.91525,8.5375,True,12,0.051447883535886585,True
0.9225,8.5375,True,12,0.05001056419339356,True
0.92975,8.5375,True,12,0.048428164371795535,True
0.937,8.5375,True,12,0.04667480621393505,True
0.94425,8.5375,True,12,0.04471774065421252,True
0.9515,8.5375,True,12,0.042515130524970246,True
0.95875,8.5375,True,12,0.040013196873169066,True
0.966,8.5375,True,12,0.037143346163438506,True
0.97325,8.5375,True,12,0.033821528122475075,True
0.9805,8.5375,True,12,0.029960771427297583,True
0.98775,8.5375,True,12,0.025533111741884995,True
0.995,8.5375,True,12,0.020784568496235334,True
0.85,9.025,True,12,0.05805505839934322,True
0.85725,9.025,True,12,0.05737151072586388,True
0.8644999999999999,9.025,True,12,0.05664344343551164,True
0.87175,9.025,True,12,0.055865941812633935,True
0.879,9.025,True,12,0.05503352193544486,True
0.88625,9.025,True,12,0.05413964523201564,True
0.8935,9.025,True,12,0.053176605994786574,True
0.9007499999999999,9.025,True,12,0.05213524709609996,True
0.908,9.025,True,12,0.05100477399099512,True
0.91525,9.025,True,12,0.04977189793502623,True
0.9225,9.025,True,12,0.04842052915498629,True
0.92975,9.025,True,12,0.04693063541348497,True
0.937,9.025,True,12,0.04527732036627674,True
0.94425,9.025,True,12,0.04342895221788612,True
0.9515,9.025,True,12,0.04134493362712355,True
0.95875,9.025,True,12,0.03897299011469035,True
0.966,9.025,True,12,0.036246030153330944,True
0.97325,9.025,True,12,0.03308116043891174,True
0.9805,9.025,True,12,0.029390849234974148,True
0.98775,9.025,True,12,0.025141520557074193,True
0.995,9.025,True,12,0.020560886649013232,True
0.85,9.5125,True,12,0.05597678793266225,True
0.85725,9.5125,True,12,0.055338728424129346,True
0.8644999999999999,9.5125,True,12,0.05465851201128602,True
0.87175,9.5125,True,12,0.05393153712222298,True
0.879,9.5125,True,12,0.053152394084024834,True
0.88625,9.5125,True,12,0.052314910588329155,True
0.8935,9.5125,True,12,0.05141172541546479,True
0.9007499999999999,9.5125,True,12,0.050434120513105696,True
0.908,9.5125,True,12,0.0493715689103309,True
0.91525,9.5125,True,12,0.04821147393916181,True
0.9225,9.5125,True,12,0.04693826333489104,True
0.92975,9.5125,True,12,0.04553275800511514,True
0.937,9.5125,True,12,0.043970801948201355,True
0.94425,9.5125,True,12,0.042221879397544626,True
0.9515,9.5125,True,12,0.04024666859405934,True
0.95875,9.5125,True,12,0.03799427129773458,True
0.966,9.5125,True,12,0.03539914784199194,True
0.97325,9.5125,True,12,0.03237965581179769,True
0.9805,9.5125,True,12,0.02884806582068855,True
0.98775,9.5125,True,12,0.024765989637388297,True
0.995,9.5125,True,12,0.020344377119902335,True
0.85,10.0,True,12,0.054049324545464406,True
0.85725,10.0,True,12,0.05345241631402864,True
0.8644999999999999,10.0,True,12,0.05281551211380042,True
0.87175,10.0,True,12,0.05213421709541022,True
0.879,10.0,True,12,0.05140342566602962,True
0.88625,10.0,True,12,0.05061713644926069,True
0.8935,10.0,True,12,0.04976838497573355,True
0.9007499999999999,10.0,True,12,0.04884870639779482,True
0.908,10.0,True,12,0.047848131266052474,True
0.91525,10.0,True,12,0.04675440174001777,True
0.9225,10.0,True,12,0.04555260177009013,True
0.92975,10.0,True,12,0.04422427387641148,True
0.937,10.0,True,12,0.0427461075181399,True
0.94425,10.0,True,12,0.04108848236473428,True
0.9515,10.0,True,12,0.03921338370268057,True
0.95875,10.0,True,12,0.03707129889626826,True
0.966,10.0,True,12,0.03459819000084963,True
0.97325,10.0,True,12,0.03171374482414635,True
0.9805,10.0,True,12,0.028330336140561685,True
0.98775,10.0,True,12,0.024405424803436992,True
0.995,10.0,True,12,0.020134702377717528,True
